4 digit NTD ID,HQ City,HQ State,UZA Population,Modes,Year,Trip_Count
2002,ALBANY,NY,594962.0,CB,2002,648153.04
2002,ALBANY,NY,594962.0,CB,2003,648153.04
2002,ALBANY,NY,594962.0,CB,2004,648153.04
2002,ALBANY,NY,594962.0,CB,2005,648153.04
2002,ALBANY,NY,594962.0,CB,2006,648153.04
2002,ALBANY,NY,594962.0,CB,2007,648153.04
2002,ALBANY,NY,594962.0,CB,2008,648153.04
2002,ALBANY,NY,594962.0,CB,2009,648153.04
2002,ALBANY,NY,594962.0,CB,2010,648153.04
2002,ALBANY,NY,594962.0,CB,2011,648153.04
2002,ALBANY,NY,594962.0,CB,2012,648153.04
2002,ALBANY,NY,594962.0,CB,2013,16319.75
2002,ALBANY,NY,594962.0,CB,2014,15840.58
2002,ALBANY,NY,594962.0,CB,2015,15176.92
2002,ALBANY,NY,594962.0,CB,2016,12612.08
2002,ALBANY,NY,594962.0,CB,2017,13947.58
2002,ALBANY,NY,594962.0,CB,2018,14965.0
2002,ALBANY,NY,594962.0,CB,2019,15343.92
2002,ALBANY,NY,594962.0,CB,2020,4427.92
2002,ALBANY,NY,594962.0,CB,2021,3065.83
2002,ALBANY,NY,594962.0,CB,2022,406871.15
2002,ALBANY,NY,594962.0,DR,2002,8109.92
2002,ALBANY,NY,594962.0,DR,2003,10182.17
2002,ALBANY,NY,594962.0,DR,2004,11625.08
2002,ALBANY,NY,594962.0,DR,2005,8610.33
2002,ALBANY,NY,594962.0,DR,2006,6610.04
2002,ALBANY,NY,594962.0,DR,2007,7758.33
2002,ALBANY,NY,594962.0,DR,2008,8910.67
2002,ALBANY,NY,594962.0,DR,2009,9253.29
2002,ALBANY,NY,594962.0,DR,2010,9803.42
2002,ALBANY,NY,594962.0,DR,2011,10383.17
2002,ALBANY,NY,594962.0,DR,2012,11507.67
2002,ALBANY,NY,594962.0,DR,2013,12280.42
2002,ALBANY,NY,594962.0,DR,2014,11899.33
2002,ALBANY,NY,594962.0,DR,2015,12083.88
2002,ALBANY,NY,594962.0,DR,2016,12623.21
2002,ALBANY,NY,594962.0,DR,2017,12251.67
2002,ALBANY,NY,594962.0,DR,2018,12839.88
2002,ALBANY,NY,594962.0,DR,2019,14298.62
2002,ALBANY,NY,594962.0,DR,2020,9301.58
2002,ALBANY,NY,594962.0,DR,2021,11256.96
2002,ALBANY,NY,594962.0,DR,2022,409598.78
2002,ALBANY,NY,594962.0,MB,2002,484586.42
2002,ALBANY,NY,594962.0,MB,2003,480465.67
2002,ALBANY,NY,594962.0,MB,2004,473482.96
2002,ALBANY,NY,594962.0,MB,2005,515438.42
2002,ALBANY,NY,594962.0,MB,2006,530668.79
2002,ALBANY,NY,594962.0,MB,2007,549195.0
2002,ALBANY,NY,594962.0,MB,2008,626943.58
2002,ALBANY,NY,594962.0,MB,2009,578759.92
2002,ALBANY,NY,594962.0,MB,2010,564953.46
2002,ALBANY,NY,594962.0,MB,2011,590666.92
2002,ALBANY,NY,594962.0,MB,2012,633885.0
2002,ALBANY,NY,594962.0,MB,2013,1321411.67
2002,ALBANY,NY,594962.0,MB,2014,1368208.17
2002,ALBANY,NY,594962.0,MB,2015,1367543.08
2002,ALBANY,NY,594962.0,MB,2016,1363662.5
2002,ALBANY,NY,594962.0,MB,2017,1349098.5
2002,ALBANY,NY,594962.0,MB,2018,1264683.92
2002,ALBANY,NY,594962.0,MB,2019,1247550.92
2002,ALBANY,NY,594962.0,MB,2020,893634.17
2002,ALBANY,NY,594962.0,MB,2021,887939.5
2002,ALBANY,NY,594962.0,MB,2022,750603.52
2002,ALBANY,NY,594962.0,VP,2002,648153.04
2002,ALBANY,NY,594962.0,VP,2003,648153.04
2002,ALBANY,NY,594962.0,VP,2004,648153.04
2002,ALBANY,NY,594962.0,VP,2005,648153.04
2002,ALBANY,NY,594962.0,VP,2006,648153.04
2002,ALBANY,NY,594962.0,VP,2007,648153.04
2002,ALBANY,NY,594962.0,VP,2008,648153.04
2002,ALBANY,NY,594962.0,VP,2009,378151.19
2002,ALBANY,NY,594962.0,VP,2010,1210.92
2002,ALBANY,NY,594962.0,VP,2011,2255.75
2002,ALBANY,NY,594962.0,VP,2012,764.17
2002,ALBANY,NY,594962.0,VP,2013,974.67
2002,ALBANY,NY,594962.0,VP,2014,1127.08
2002,ALBANY,NY,594962.0,VP,2015,1285.83
2002,ALBANY,NY,594962.0,VP,2016,1985.5
2002,ALBANY,NY,594962.0,VP,2017,2325.67
2002,ALBANY,NY,594962.0,VP,2018,2699.58
2002,ALBANY,NY,594962.0,VP,2019,4776.25
2002,ALBANY,NY,594962.0,VP,2020,4854.83
2002,ALBANY,NY,594962.0,VP,2021,6463.0
2002,ALBANY,NY,594962.0,VP,2022,407646.9
2003,BINGHAMTON,NY,158084.0,DR,2002,3804.5
2003,BINGHAMTON,NY,158084.0,DR,2003,1976.08
2003,BINGHAMTON,NY,158084.0,DR,2004,4288.21
2003,BINGHAMTON,NY,158084.0,DR,2005,4366.58
2003,BINGHAMTON,NY,158084.0,DR,2006,4517.25
2003,BINGHAMTON,NY,158084.0,DR,2007,4485.62
2003,BINGHAMTON,NY,158084.0,DR,2008,4712.33
2003,BINGHAMTON,NY,158084.0,DR,2009,4488.08
2003,BINGHAMTON,NY,158084.0,DR,2010,4231.67
2003,BINGHAMTON,NY,158084.0,DR,2011,4059.5
2003,BINGHAMTON,NY,158084.0,DR,2012,4160.96
2003,BINGHAMTON,NY,158084.0,DR,2013,3969.04
2003,BINGHAMTON,NY,158084.0,DR,2014,4013.88
2003,BINGHAMTON,NY,158084.0,DR,2015,4286.46
2003,BINGHAMTON,NY,158084.0,DR,2016,4154.58
2003,BINGHAMTON,NY,158084.0,DR,2017,3782.67
2003,BINGHAMTON,NY,158084.0,DR,2018,3391.58
2003,BINGHAMTON,NY,158084.0,DR,2019,3348.29
2003,BINGHAMTON,NY,158084.0,DR,2020,1450.79
2003,BINGHAMTON,NY,158084.0,DR,2021,1498.38
2003,BINGHAMTON,NY,158084.0,DR,2022,3320.88
2003,BINGHAMTON,NY,158084.0,MB,2002,216930.0
2003,BINGHAMTON,NY,158084.0,MB,2003,113555.42
2003,BINGHAMTON,NY,158084.0,MB,2004,242293.67
2003,BINGHAMTON,NY,158084.0,MB,2005,240284.5
2003,BINGHAMTON,NY,158084.0,MB,2006,238574.58
2003,BINGHAMTON,NY,158084.0,MB,2007,247551.0
2003,BINGHAMTON,NY,158084.0,MB,2008,261824.17
2003,BINGHAMTON,NY,158084.0,MB,2009,250272.25
2003,BINGHAMTON,NY,158084.0,MB,2010,243273.42
2003,BINGHAMTON,NY,158084.0,MB,2011,223187.17
2003,BINGHAMTON,NY,158084.0,MB,2012,197634.58
2003,BINGHAMTON,NY,158084.0,MB,2013,187621.25
2003,BINGHAMTON,NY,158084.0,MB,2014,196343.5
2003,BINGHAMTON,NY,158084.0,MB,2015,188672.75
2003,BINGHAMTON,NY,158084.0,MB,2016,171233.83
2003,BINGHAMTON,NY,158084.0,MB,2017,165411.75
2003,BINGHAMTON,NY,158084.0,MB,2018,162723.5
2003,BINGHAMTON,NY,158084.0,MB,2019,148808.42
2003,BINGHAMTON,NY,158084.0,MB,2020,84170.17
2003,BINGHAMTON,NY,158084.0,MB,2021,79841.58
2003,BINGHAMTON,NY,158084.0,MB,2022,87951.75
2004,BUFFALO,NY,935906.0,DR,2002,5109.58
2004,BUFFALO,NY,935906.0,DR,2003,5330.33
2004,BUFFALO,NY,935906.0,DR,2004,5589.83
2004,BUFFALO,NY,935906.0,DR,2005,6369.83
2004,BUFFALO,NY,935906.0,DR,2006,7008.0
2004,BUFFALO,NY,935906.0,DR,2007,8495.17
2004,BUFFALO,NY,935906.0,DR,2008,10077.25
2004,BUFFALO,NY,935906.0,DR,2009,11087.08
2004,BUFFALO,NY,935906.0,DR,2010,12130.42
2004,BUFFALO,NY,935906.0,DR,2011,13709.17
2004,BUFFALO,NY,935906.0,DR,2012,14478.25
2004,BUFFALO,NY,935906.0,DR,2013,13751.58
2004,BUFFALO,NY,935906.0,DR,2014,14777.92
2004,BUFFALO,NY,935906.0,DR,2015,15246.0
2004,BUFFALO,NY,935906.0,DR,2016,16609.75
2004,BUFFALO,NY,935906.0,DR,2017,17181.25
2004,BUFFALO,NY,935906.0,DR,2018,17786.67
2004,BUFFALO,NY,935906.0,DR,2019,18928.75
2004,BUFFALO,NY,935906.0,DR,2020,10851.58
2004,BUFFALO,NY,935906.0,DR,2021,15444.17
2004,BUFFALO,NY,935906.0,DR,2022,17691.38
2004,BUFFALO,NY,935906.0,LR,2002,475358.5
2004,BUFFALO,NY,935906.0,LR,2003,463007.5
2004,BUFFALO,NY,935906.0,LR,2004,455396.17
2004,BUFFALO,NY,935906.0,LR,2005,450792.67
2004,BUFFALO,NY,935906.0,LR,2006,489881.0
2004,BUFFALO,NY,935906.0,LR,2007,461916.08
2004,BUFFALO,NY,935906.0,LR,2008,572413.17
2004,BUFFALO,NY,935906.0,LR,2009,521660.08
2004,BUFFALO,NY,935906.0,LR,2010,499231.5
2004,BUFFALO,NY,935906.0,LR,2011,581107.25
2004,BUFFALO,NY,935906.0,LR,2012,538350.75
2004,BUFFALO,NY,935906.0,LR,2013,421536.58
2004,BUFFALO,NY,935906.0,LR,2014,356126.25
2004,BUFFALO,NY,935906.0,LR,2015,434873.75
2004,BUFFALO,NY,935906.0,LR,2016,408301.75
2004,BUFFALO,NY,935906.0,LR,2017,380053.67
2004,BUFFALO,NY,935906.0,LR,2018,374347.33
2004,BUFFALO,NY,935906.0,LR,2019,367023.58
2004,BUFFALO,NY,935906.0,LR,2020,166666.67
2004,BUFFALO,NY,935906.0,LR,2021,157519.83
2004,BUFFALO,NY,935906.0,LR,2022,192096.88
2004,BUFFALO,NY,935906.0,MB,2002,1547534.75
2004,BUFFALO,NY,935906.0,MB,2003,1463543.08
2004,BUFFALO,NY,935906.0,MB,2004,1483083.92
2004,BUFFALO,NY,935906.0,MB,2005,1511299.58
2004,BUFFALO,NY,935906.0,MB,2006,1474238.33
2004,BUFFALO,NY,935906.0,MB,2007,1669136.08
2004,BUFFALO,NY,935906.0,MB,2008,1781742.42
2004,BUFFALO,NY,935906.0,MB,2009,1652025.08
2004,BUFFALO,NY,935906.0,MB,2010,1773064.17
2004,BUFFALO,NY,935906.0,MB,2011,1949628.75
2004,BUFFALO,NY,935906.0,MB,2012,1941940.42
2004,BUFFALO,NY,935906.0,MB,2013,1810462.17
2004,BUFFALO,NY,935906.0,MB,2014,1819617.67
2004,BUFFALO,NY,935906.0,MB,2015,1907264.83
2004,BUFFALO,NY,935906.0,MB,2016,1807705.75
2004,BUFFALO,NY,935906.0,MB,2017,1753077.17
2004,BUFFALO,NY,935906.0,MB,2018,1594837.92
2004,BUFFALO,NY,935906.0,MB,2019,1662869.0
2004,BUFFALO,NY,935906.0,MB,2020,986888.75
2004,BUFFALO,NY,935906.0,MB,2021,869068.92
2004,BUFFALO,NY,935906.0,MB,2022,921205.38
2005,ELMIRA,NY,67983.0,DR,2002,5586.58
2005,ELMIRA,NY,67983.0,DR,2003,648153.04
2005,ELMIRA,NY,67983.0,DR,2004,648153.04
2005,ELMIRA,NY,67983.0,DR,2005,648153.04
2005,ELMIRA,NY,67983.0,DR,2006,648153.04
2005,ELMIRA,NY,67983.0,DR,2007,4420.92
2005,ELMIRA,NY,67983.0,DR,2008,4393.58
2005,ELMIRA,NY,67983.0,DR,2009,4532.92
2005,ELMIRA,NY,67983.0,DR,2010,4226.58
2005,ELMIRA,NY,67983.0,DR,2011,5565.92
2005,ELMIRA,NY,67983.0,DR,2012,648153.04
2005,ELMIRA,NY,67983.0,DR,2013,648153.04
2005,ELMIRA,NY,67983.0,DR,2014,648153.04
2005,ELMIRA,NY,67983.0,DR,2015,648153.04
2005,ELMIRA,NY,67983.0,DR,2016,648153.04
2005,ELMIRA,NY,67983.0,DR,2017,648153.04
2005,ELMIRA,NY,67983.0,DR,2018,648153.04
2005,ELMIRA,NY,67983.0,DR,2019,648153.04
2005,ELMIRA,NY,67983.0,DR,2020,648153.04
2005,ELMIRA,NY,67983.0,DR,2021,648153.04
2005,ELMIRA,NY,67983.0,DR,2022,648153.04
2005,ELMIRA,NY,67983.0,MB,2002,49358.58
2005,ELMIRA,NY,67983.0,MB,2003,648153.04
2005,ELMIRA,NY,67983.0,MB,2004,648153.04
2005,ELMIRA,NY,67983.0,MB,2005,648153.04
2005,ELMIRA,NY,67983.0,MB,2006,648153.04
2005,ELMIRA,NY,67983.0,MB,2007,53581.67
2005,ELMIRA,NY,67983.0,MB,2008,57766.5
2005,ELMIRA,NY,67983.0,MB,2009,53391.08
2005,ELMIRA,NY,67983.0,MB,2010,53388.67
2005,ELMIRA,NY,67983.0,MB,2011,52773.42
2005,ELMIRA,NY,67983.0,MB,2012,648153.04
2005,ELMIRA,NY,67983.0,MB,2013,648153.04
2005,ELMIRA,NY,67983.0,MB,2014,648153.04
2005,ELMIRA,NY,67983.0,MB,2015,648153.04
2005,ELMIRA,NY,67983.0,MB,2016,648153.04
2005,ELMIRA,NY,67983.0,MB,2017,648153.04
2005,ELMIRA,NY,67983.0,MB,2018,648153.04
2005,ELMIRA,NY,67983.0,MB,2019,648153.04
2005,ELMIRA,NY,67983.0,MB,2020,648153.04
2005,ELMIRA,NY,67983.0,MB,2021,648153.04
2005,ELMIRA,NY,67983.0,MB,2022,648153.04
2006,LONG BEACH,NY,18351295.0,DR,2002,551.83
2006,LONG BEACH,NY,18351295.0,DR,2003,290.25
2006,LONG BEACH,NY,18351295.0,DR,2004,638.33
2006,LONG BEACH,NY,18351295.0,DR,2005,648153.04
2006,LONG BEACH,NY,18351295.0,DR,2006,976.17
2006,LONG BEACH,NY,18351295.0,DR,2007,1446.08
2006,LONG BEACH,NY,18351295.0,DR,2008,1703.17
2006,LONG BEACH,NY,18351295.0,DR,2009,1678.25
2006,LONG BEACH,NY,18351295.0,DR,2010,1443.67
2006,LONG BEACH,NY,18351295.0,DR,2011,1215.33
2006,LONG BEACH,NY,18351295.0,DR,2012,1891.42
2006,LONG BEACH,NY,18351295.0,DR,2013,2479.5
2006,LONG BEACH,NY,18351295.0,DR,2014,2159.17
2006,LONG BEACH,NY,18351295.0,DR,2015,1454.08
2006,LONG BEACH,NY,18351295.0,DR,2016,1429.08
2006,LONG BEACH,NY,18351295.0,DR,2017,677.42
2006,LONG BEACH,NY,18351295.0,DR,2018,652.0
2006,LONG BEACH,NY,18351295.0,DR,2019,722.25
2006,LONG BEACH,NY,18351295.0,DR,2020,302.17
2006,LONG BEACH,NY,18351295.0,DR,2021,291.92
2006,LONG BEACH,NY,18351295.0,DR,2022,334.75
2006,LONG BEACH,NY,18351295.0,MB,2002,38167.33
2006,LONG BEACH,NY,18351295.0,MB,2003,18353.33
2006,LONG BEACH,NY,18351295.0,MB,2004,36341.33
2006,LONG BEACH,NY,18351295.0,MB,2005,648153.04
2006,LONG BEACH,NY,18351295.0,MB,2006,30705.75
2006,LONG BEACH,NY,18351295.0,MB,2007,32339.58
2006,LONG BEACH,NY,18351295.0,MB,2008,30580.92
2006,LONG BEACH,NY,18351295.0,MB,2009,26914.17
2006,LONG BEACH,NY,18351295.0,MB,2010,26469.08
2006,LONG BEACH,NY,18351295.0,MB,2011,24299.75
2006,LONG BEACH,NY,18351295.0,MB,2012,31998.17
2006,LONG BEACH,NY,18351295.0,MB,2013,35414.25
2006,LONG BEACH,NY,18351295.0,MB,2014,35625.08
2006,LONG BEACH,NY,18351295.0,MB,2015,35119.33
2006,LONG BEACH,NY,18351295.0,MB,2016,34913.17
2006,LONG BEACH,NY,18351295.0,MB,2017,20899.5
2006,LONG BEACH,NY,18351295.0,MB,2018,16676.58
2006,LONG BEACH,NY,18351295.0,MB,2019,15790.67
2006,LONG BEACH,NY,18351295.0,MB,2020,8334.67
2006,LONG BEACH,NY,18351295.0,MB,2021,6791.33
2006,LONG BEACH,NY,18351295.0,MB,2022,7232.62
2007,Garden City,NY,18351295.0,DR,2002,23929.17
2007,Garden City,NY,18351295.0,DR,2003,25805.58
2007,Garden City,NY,18351295.0,DR,2004,26531.42
2007,Garden City,NY,18351295.0,DR,2005,27075.42
2007,Garden City,NY,18351295.0,DR,2006,29301.67
2007,Garden City,NY,18351295.0,DR,2007,29346.75
2007,Garden City,NY,18351295.0,DR,2008,31517.25
2007,Garden City,NY,18351295.0,DR,2009,32909.75
2007,Garden City,NY,18351295.0,DR,2010,29724.17
2007,Garden City,NY,18351295.0,DR,2011,28316.58
2007,Garden City,NY,18351295.0,DR,2012,648153.04
2007,Garden City,NY,18351295.0,DR,2013,648153.04
2007,Garden City,NY,18351295.0,DR,2014,648153.04
2007,Garden City,NY,18351295.0,DR,2015,648153.04
2007,Garden City,NY,18351295.0,DR,2016,648153.04
2007,Garden City,NY,18351295.0,DR,2017,648153.04
2007,Garden City,NY,18351295.0,DR,2018,648153.04
2007,Garden City,NY,18351295.0,DR,2019,648153.04
2007,Garden City,NY,18351295.0,DR,2020,648153.04
2007,Garden City,NY,18351295.0,DR,2021,648153.04
2007,Garden City,NY,18351295.0,DR,2022,648153.04
2007,Garden City,NY,18351295.0,MB,2002,2564869.83
2007,Garden City,NY,18351295.0,MB,2003,2503369.58
2007,Garden City,NY,18351295.0,MB,2004,2520120.33
2007,Garden City,NY,18351295.0,MB,2005,2590880.42
2007,Garden City,NY,18351295.0,MB,2006,2684751.25
2007,Garden City,NY,18351295.0,MB,2007,2673218.75
2007,Garden City,NY,18351295.0,MB,2008,2725384.25
2007,Garden City,NY,18351295.0,MB,2009,2565638.5
2007,Garden City,NY,18351295.0,MB,2010,2568074.08
2007,Garden City,NY,18351295.0,MB,2011,2527480.17
2007,Garden City,NY,18351295.0,MB,2012,648153.04
2007,Garden City,NY,18351295.0,MB,2013,648153.04
2007,Garden City,NY,18351295.0,MB,2014,648153.04
2007,Garden City,NY,18351295.0,MB,2015,648153.04
2007,Garden City,NY,18351295.0,MB,2016,648153.04
2007,Garden City,NY,18351295.0,MB,2017,648153.04
2007,Garden City,NY,18351295.0,MB,2018,648153.04
2007,Garden City,NY,18351295.0,MB,2019,648153.04
2007,Garden City,NY,18351295.0,MB,2020,648153.04
2007,Garden City,NY,18351295.0,MB,2021,648153.04
2007,Garden City,NY,18351295.0,MB,2022,648153.04
2008,BROOKLYN,NY,18351295.0,CB,2002,648153.04
2008,BROOKLYN,NY,18351295.0,CB,2003,648153.04
2008,BROOKLYN,NY,18351295.0,CB,2004,648153.04
2008,BROOKLYN,NY,18351295.0,CB,2005,648153.04
2008,BROOKLYN,NY,18351295.0,CB,2006,648153.04
2008,BROOKLYN,NY,18351295.0,CB,2007,648153.04
2008,BROOKLYN,NY,18351295.0,CB,2008,648153.04
2008,BROOKLYN,NY,18351295.0,CB,2009,648153.04
2008,BROOKLYN,NY,18351295.0,CB,2010,648153.04
2008,BROOKLYN,NY,18351295.0,CB,2011,648153.04
2008,BROOKLYN,NY,18351295.0,CB,2012,1101785.75
2008,BROOKLYN,NY,18351295.0,CB,2013,1118541.67
2008,BROOKLYN,NY,18351295.0,CB,2014,1098510.33
2008,BROOKLYN,NY,18351295.0,CB,2015,1052322.42
2008,BROOKLYN,NY,18351295.0,CB,2016,1053435.42
2008,BROOKLYN,NY,18351295.0,CB,2017,1032252.25
2008,BROOKLYN,NY,18351295.0,CB,2018,1033620.75
2008,BROOKLYN,NY,18351295.0,CB,2019,956430.33
2008,BROOKLYN,NY,18351295.0,CB,2020,375901.08
2008,BROOKLYN,NY,18351295.0,CB,2021,415472.5
2008,BROOKLYN,NY,18351295.0,CB,2022,637548.75
2008,BROOKLYN,NY,18351295.0,DR,2002,96121.92
2008,BROOKLYN,NY,18351295.0,DR,2003,121132.75
2008,BROOKLYN,NY,18351295.0,DR,2004,130702.67
2008,BROOKLYN,NY,18351295.0,DR,2005,155881.5
2008,BROOKLYN,NY,18351295.0,DR,2006,186238.67
2008,BROOKLYN,NY,18351295.0,DR,2007,342794.42
2008,BROOKLYN,NY,18351295.0,DR,2008,420701.33
2008,BROOKLYN,NY,18351295.0,DR,2009,478587.5
2008,BROOKLYN,NY,18351295.0,DR,2010,483777.42
2008,BROOKLYN,NY,18351295.0,DR,2011,398317.08
2008,BROOKLYN,NY,18351295.0,DR,2012,359703.17
2008,BROOKLYN,NY,18351295.0,DR,2013,522831.58
2008,BROOKLYN,NY,18351295.0,DR,2014,537344.75
2008,BROOKLYN,NY,18351295.0,DR,2015,553490.25
2008,BROOKLYN,NY,18351295.0,DR,2016,526408.58
2008,BROOKLYN,NY,18351295.0,DR,2017,482448.42
2008,BROOKLYN,NY,18351295.0,DR,2018,423833.58
2008,BROOKLYN,NY,18351295.0,DR,2019,402368.58
2008,BROOKLYN,NY,18351295.0,DR,2020,208526.92
2008,BROOKLYN,NY,18351295.0,DR,2021,198225.42
2008,BROOKLYN,NY,18351295.0,DR,2022,204556.25
2008,BROOKLYN,NY,18351295.0,HR,2002,144939182.67
2008,BROOKLYN,NY,18351295.0,HR,2003,141043349.75
2008,BROOKLYN,NY,18351295.0,HR,2004,150005765.92
2008,BROOKLYN,NY,18351295.0,HR,2005,181500871.17
2008,BROOKLYN,NY,18351295.0,HR,2006,188620784.33
2008,BROOKLYN,NY,18351295.0,HR,2007,199169490.25
2008,BROOKLYN,NY,18351295.0,HR,2008,203833953.0
2008,BROOKLYN,NY,18351295.0,HR,2009,196353997.58
2008,BROOKLYN,NY,18351295.0,HR,2010,204303524.75
2008,BROOKLYN,NY,18351295.0,HR,2011,209189318.58
2008,BROOKLYN,NY,18351295.0,HR,2012,214152096.42
2008,BROOKLYN,NY,18351295.0,HR,2013,221895363.17
2008,BROOKLYN,NY,18351295.0,HR,2014,230146679.33
2008,BROOKLYN,NY,18351295.0,HR,2015,222243817.83
2008,BROOKLYN,NY,18351295.0,HR,2016,223423394.58
2008,BROOKLYN,NY,18351295.0,HR,2017,225048951.25
2008,BROOKLYN,NY,18351295.0,HR,2018,219133975.08
2008,BROOKLYN,NY,18351295.0,HR,2019,226996678.75
2008,BROOKLYN,NY,18351295.0,HR,2020,92546168.75
2008,BROOKLYN,NY,18351295.0,HR,2021,109331499.67
2008,BROOKLYN,NY,18351295.0,HR,2022,140733114.0
2008,BROOKLYN,NY,18351295.0,MB,2002,81420306.33
2008,BROOKLYN,NY,18351295.0,MB,2003,75987864.42
2008,BROOKLYN,NY,18351295.0,MB,2004,73443407.08
2008,BROOKLYN,NY,18351295.0,MB,2005,79499319.75
2008,BROOKLYN,NY,18351295.0,MB,2006,77235771.58
2008,BROOKLYN,NY,18351295.0,MB,2007,71904390.75
2008,BROOKLYN,NY,18351295.0,MB,2008,72386537.0
2008,BROOKLYN,NY,18351295.0,MB,2009,70219799.0
2008,BROOKLYN,NY,18351295.0,MB,2010,69006485.58
2008,BROOKLYN,NY,18351295.0,MB,2011,66674482.25
2008,BROOKLYN,NY,18351295.0,MB,2012,63395620.5
2008,BROOKLYN,NY,18351295.0,MB,2013,64246834.5
2008,BROOKLYN,NY,18351295.0,MB,2014,63548551.42
2008,BROOKLYN,NY,18351295.0,MB,2015,61980313.08
2008,BROOKLYN,NY,18351295.0,MB,2016,61979371.5
2008,BROOKLYN,NY,18351295.0,MB,2017,57606084.17
2008,BROOKLYN,NY,18351295.0,MB,2018,57665118.92
2008,BROOKLYN,NY,18351295.0,MB,2019,57634717.83
2008,BROOKLYN,NY,18351295.0,MB,2020,33596692.92
2008,BROOKLYN,NY,18351295.0,MB,2021,32751482.83
2008,BROOKLYN,NY,18351295.0,MB,2022,37423659.25
2008,BROOKLYN,NY,18351295.0,RB,2002,648153.04
2008,BROOKLYN,NY,18351295.0,RB,2003,648153.04
2008,BROOKLYN,NY,18351295.0,RB,2004,648153.04
2008,BROOKLYN,NY,18351295.0,RB,2005,648153.04
2008,BROOKLYN,NY,18351295.0,RB,2006,648153.04
2008,BROOKLYN,NY,18351295.0,RB,2007,648153.04
2008,BROOKLYN,NY,18351295.0,RB,2008,648153.04
2008,BROOKLYN,NY,18351295.0,RB,2009,648153.04
2008,BROOKLYN,NY,18351295.0,RB,2010,648153.04
2008,BROOKLYN,NY,18351295.0,RB,2011,648153.04
2008,BROOKLYN,NY,18351295.0,RB,2012,2591550.42
2008,BROOKLYN,NY,18351295.0,RB,2013,1655137.75
2008,BROOKLYN,NY,18351295.0,RB,2014,1662776.33
2008,BROOKLYN,NY,18351295.0,RB,2015,1674165.83
2008,BROOKLYN,NY,18351295.0,RB,2016,2395885.5
2008,BROOKLYN,NY,18351295.0,RB,2017,2638030.17
2008,BROOKLYN,NY,18351295.0,RB,2018,2522985.08
2008,BROOKLYN,NY,18351295.0,RB,2019,2557974.58
2008,BROOKLYN,NY,18351295.0,RB,2020,1470687.92
2008,BROOKLYN,NY,18351295.0,RB,2021,1316460.42
2008,BROOKLYN,NY,18351295.0,RB,2022,1377689.38
2009,POUGHKEEPSIE,NY,423566.0,MB,2002,648153.04
2009,POUGHKEEPSIE,NY,423566.0,MB,2003,648153.04
2009,POUGHKEEPSIE,NY,423566.0,MB,2004,648153.04
2009,POUGHKEEPSIE,NY,423566.0,MB,2005,648153.04
2009,POUGHKEEPSIE,NY,423566.0,MB,2006,648153.04
2009,POUGHKEEPSIE,NY,423566.0,MB,2007,30558.33
2009,POUGHKEEPSIE,NY,423566.0,MB,2008,30111.33
2009,POUGHKEEPSIE,NY,423566.0,MB,2009,0.0
2009,POUGHKEEPSIE,NY,423566.0,MB,2010,34381.5
2009,POUGHKEEPSIE,NY,423566.0,MB,2011,31468.83
2009,POUGHKEEPSIE,NY,423566.0,MB,2012,33609.0
2009,POUGHKEEPSIE,NY,423566.0,MB,2013,29062.17
2009,POUGHKEEPSIE,NY,423566.0,MB,2014,648153.04
2009,POUGHKEEPSIE,NY,423566.0,MB,2015,648153.04
2009,POUGHKEEPSIE,NY,423566.0,MB,2016,648153.04
2009,POUGHKEEPSIE,NY,423566.0,MB,2017,648153.04
2009,POUGHKEEPSIE,NY,423566.0,MB,2018,648153.04
2009,POUGHKEEPSIE,NY,423566.0,MB,2019,648153.04
2009,POUGHKEEPSIE,NY,423566.0,MB,2020,648153.04
2009,POUGHKEEPSIE,NY,423566.0,MB,2021,648153.04
2009,POUGHKEEPSIE,NY,423566.0,MB,2022,648153.04
2010,POUGHKEEPSIE,NY,423566.0,DR,2002,29.08
2010,POUGHKEEPSIE,NY,423566.0,DR,2003,4152.75
2010,POUGHKEEPSIE,NY,423566.0,DR,2004,8417.08
2010,POUGHKEEPSIE,NY,423566.0,DR,2005,7261.83
2010,POUGHKEEPSIE,NY,423566.0,DR,2006,7237.25
2010,POUGHKEEPSIE,NY,423566.0,DR,2007,6714.33
2010,POUGHKEEPSIE,NY,423566.0,DR,2008,6150.42
2010,POUGHKEEPSIE,NY,423566.0,DR,2009,5948.33
2010,POUGHKEEPSIE,NY,423566.0,DR,2010,4837.42
2010,POUGHKEEPSIE,NY,423566.0,DR,2011,2362.42
2010,POUGHKEEPSIE,NY,423566.0,DR,2012,2032.25
2010,POUGHKEEPSIE,NY,423566.0,DR,2013,1606.5
2010,POUGHKEEPSIE,NY,423566.0,DR,2014,1652.92
2010,POUGHKEEPSIE,NY,423566.0,DR,2015,1569.5
2010,POUGHKEEPSIE,NY,423566.0,DR,2016,1678.25
2010,POUGHKEEPSIE,NY,423566.0,DR,2017,1708.5
2010,POUGHKEEPSIE,NY,423566.0,DR,2018,1838.67
2010,POUGHKEEPSIE,NY,423566.0,DR,2019,2058.0
2010,POUGHKEEPSIE,NY,423566.0,DR,2020,1024.08
2010,POUGHKEEPSIE,NY,423566.0,DR,2021,1637.17
2010,POUGHKEEPSIE,NY,423566.0,DR,2022,1956.38
2010,POUGHKEEPSIE,NY,423566.0,MB,2002,255.83
2010,POUGHKEEPSIE,NY,423566.0,MB,2003,29017.33
2010,POUGHKEEPSIE,NY,423566.0,MB,2004,54231.33
2010,POUGHKEEPSIE,NY,423566.0,MB,2005,55722.75
2010,POUGHKEEPSIE,NY,423566.0,MB,2006,55250.5
2010,POUGHKEEPSIE,NY,423566.0,MB,2007,53113.17
2010,POUGHKEEPSIE,NY,423566.0,MB,2008,54860.42
2010,POUGHKEEPSIE,NY,423566.0,MB,2009,44532.58
2010,POUGHKEEPSIE,NY,423566.0,MB,2010,34128.67
2010,POUGHKEEPSIE,NY,423566.0,MB,2011,31431.42
2010,POUGHKEEPSIE,NY,423566.0,MB,2012,35518.83
2010,POUGHKEEPSIE,NY,423566.0,MB,2013,37992.58
2010,POUGHKEEPSIE,NY,423566.0,MB,2014,38622.0
2010,POUGHKEEPSIE,NY,423566.0,MB,2015,39828.5
2010,POUGHKEEPSIE,NY,423566.0,MB,2016,42662.0
2010,POUGHKEEPSIE,NY,423566.0,MB,2017,47223.83
2010,POUGHKEEPSIE,NY,423566.0,MB,2018,60388.08
2010,POUGHKEEPSIE,NY,423566.0,MB,2019,70672.08
2010,POUGHKEEPSIE,NY,423566.0,MB,2020,38996.17
2010,POUGHKEEPSIE,NY,423566.0,MB,2021,44725.42
2010,POUGHKEEPSIE,NY,423566.0,MB,2022,53082.0
2018,SYRACUSE,NY,412317.0,DR,2002,3964.83
2018,SYRACUSE,NY,412317.0,DR,2003,3763.46
2018,SYRACUSE,NY,412317.0,DR,2004,3701.83
2018,SYRACUSE,NY,412317.0,DR,2005,4351.33
2018,SYRACUSE,NY,412317.0,DR,2006,5562.54
2018,SYRACUSE,NY,412317.0,DR,2007,5736.04
2018,SYRACUSE,NY,412317.0,DR,2008,6263.04
2018,SYRACUSE,NY,412317.0,DR,2009,6351.04
2018,SYRACUSE,NY,412317.0,DR,2010,6523.71
2018,SYRACUSE,NY,412317.0,DR,2011,4429.67
2018,SYRACUSE,NY,412317.0,DR,2012,4472.47
2018,SYRACUSE,NY,412317.0,DR,2013,4307.11
2018,SYRACUSE,NY,412317.0,DR,2014,4127.45
2018,SYRACUSE,NY,412317.0,DR,2015,6307.29
2018,SYRACUSE,NY,412317.0,DR,2016,7365.54
2018,SYRACUSE,NY,412317.0,DR,2017,7539.38
2018,SYRACUSE,NY,412317.0,DR,2018,7688.92
2018,SYRACUSE,NY,412317.0,DR,2019,7707.83
2018,SYRACUSE,NY,412317.0,DR,2020,5175.25
2018,SYRACUSE,NY,412317.0,DR,2021,5682.88
2018,SYRACUSE,NY,412317.0,DR,2022,6674.69
2018,SYRACUSE,NY,412317.0,MB,2002,45185.67
2018,SYRACUSE,NY,412317.0,MB,2003,47813.67
2018,SYRACUSE,NY,412317.0,MB,2004,47713.83
2018,SYRACUSE,NY,412317.0,MB,2005,751823.5
2018,SYRACUSE,NY,412317.0,MB,2006,809749.5
2018,SYRACUSE,NY,412317.0,MB,2007,837334.92
2018,SYRACUSE,NY,412317.0,MB,2008,1003001.08
2018,SYRACUSE,NY,412317.0,MB,2009,988388.42
2018,SYRACUSE,NY,412317.0,MB,2010,886222.58
2018,SYRACUSE,NY,412317.0,MB,2011,857726.5
2018,SYRACUSE,NY,412317.0,MB,2012,796467.0
2018,SYRACUSE,NY,412317.0,MB,2013,768107.33
2018,SYRACUSE,NY,412317.0,MB,2014,793925.42
2018,SYRACUSE,NY,412317.0,MB,2015,874014.67
2018,SYRACUSE,NY,412317.0,MB,2016,886715.17
2018,SYRACUSE,NY,412317.0,MB,2017,864924.0
2018,SYRACUSE,NY,412317.0,MB,2018,847356.0
2018,SYRACUSE,NY,412317.0,MB,2019,815632.33
2018,SYRACUSE,NY,412317.0,MB,2020,371560.17
2018,SYRACUSE,NY,412317.0,MB,2021,356819.5
2018,SYRACUSE,NY,412317.0,MB,2022,454798.75
2021,Utica,NY,113409.0,DR,2002,648153.04
2021,Utica,NY,113409.0,DR,2003,648153.04
2021,Utica,NY,113409.0,DR,2004,486617.45
2021,Utica,NY,113409.0,DR,2005,648153.04
2021,Utica,NY,113409.0,DR,2006,648153.04
2021,Utica,NY,113409.0,DR,2007,648153.04
2021,Utica,NY,113409.0,DR,2008,648153.04
2021,Utica,NY,113409.0,DR,2009,648153.04
2021,Utica,NY,113409.0,DR,2010,648153.04
2021,Utica,NY,113409.0,DR,2011,648153.04
2021,Utica,NY,113409.0,DR,2012,648153.04
2021,Utica,NY,113409.0,DR,2013,648153.04
2021,Utica,NY,113409.0,DR,2014,648153.04
2021,Utica,NY,113409.0,DR,2015,648153.04
2021,Utica,NY,113409.0,DR,2016,648153.04
2021,Utica,NY,113409.0,DR,2017,648153.04
2021,Utica,NY,113409.0,DR,2018,648153.04
2021,Utica,NY,113409.0,DR,2019,648153.04
2021,Utica,NY,113409.0,DR,2020,648153.04
2021,Utica,NY,113409.0,DR,2021,648153.04
2021,Utica,NY,113409.0,DR,2022,648153.04
2040,Bronx,NY,17799861.0,MB,2002,332908.75
2040,Bronx,NY,17799861.0,MB,2003,301682.83
2040,Bronx,NY,17799861.0,MB,2004,298126.25
2040,Bronx,NY,17799861.0,MB,2005,270476.5
2040,Bronx,NY,17799861.0,MB,2006,648153.04
2040,Bronx,NY,17799861.0,MB,2007,648153.04
2040,Bronx,NY,17799861.0,MB,2008,648153.04
2040,Bronx,NY,17799861.0,MB,2009,648153.04
2040,Bronx,NY,17799861.0,MB,2010,648153.04
2040,Bronx,NY,17799861.0,MB,2011,648153.04
2040,Bronx,NY,17799861.0,MB,2012,648153.04
2040,Bronx,NY,17799861.0,MB,2013,648153.04
2040,Bronx,NY,17799861.0,MB,2014,648153.04
2040,Bronx,NY,17799861.0,MB,2015,648153.04
2040,Bronx,NY,17799861.0,MB,2016,648153.04
2040,Bronx,NY,17799861.0,MB,2017,648153.04
2040,Bronx,NY,17799861.0,MB,2018,648153.04
2040,Bronx,NY,17799861.0,MB,2019,648153.04
2040,Bronx,NY,17799861.0,MB,2020,648153.04
2040,Bronx,NY,17799861.0,MB,2021,648153.04
2040,Bronx,NY,17799861.0,MB,2022,648153.04
2071,HUNTINGTON,NY,18351295.0,DR,2002,275.58
2071,HUNTINGTON,NY,18351295.0,DR,2003,278.08
2071,HUNTINGTON,NY,18351295.0,DR,2004,1206.0
2071,HUNTINGTON,NY,18351295.0,DR,2005,1360.42
2071,HUNTINGTON,NY,18351295.0,DR,2006,1685.83
2071,HUNTINGTON,NY,18351295.0,DR,2007,1817.42
2071,HUNTINGTON,NY,18351295.0,DR,2008,1807.92
2071,HUNTINGTON,NY,18351295.0,DR,2009,1976.33
2071,HUNTINGTON,NY,18351295.0,DR,2010,2069.5
2071,HUNTINGTON,NY,18351295.0,DR,2011,2726.5
2071,HUNTINGTON,NY,18351295.0,DR,2012,3252.17
2071,HUNTINGTON,NY,18351295.0,DR,2013,3163.83
2071,HUNTINGTON,NY,18351295.0,DR,2014,3342.17
2071,HUNTINGTON,NY,18351295.0,DR,2015,3423.33
2071,HUNTINGTON,NY,18351295.0,DR,2016,4100.75
2071,HUNTINGTON,NY,18351295.0,DR,2017,4089.42
2071,HUNTINGTON,NY,18351295.0,DR,2018,4035.33
2071,HUNTINGTON,NY,18351295.0,DR,2019,648153.04
2071,HUNTINGTON,NY,18351295.0,DR,2020,1714.67
2071,HUNTINGTON,NY,18351295.0,DR,2021,2051.0
2071,HUNTINGTON,NY,18351295.0,DR,2022,2687.75
2071,HUNTINGTON,NY,18351295.0,MB,2002,5123.67
2071,HUNTINGTON,NY,18351295.0,MB,2003,4742.42
2071,HUNTINGTON,NY,18351295.0,MB,2004,20379.08
2071,HUNTINGTON,NY,18351295.0,MB,2005,18973.25
2071,HUNTINGTON,NY,18351295.0,MB,2006,20112.92
2071,HUNTINGTON,NY,18351295.0,MB,2007,20397.08
2071,HUNTINGTON,NY,18351295.0,MB,2008,21714.58
2071,HUNTINGTON,NY,18351295.0,MB,2009,20961.25
2071,HUNTINGTON,NY,18351295.0,MB,2010,19952.75
2071,HUNTINGTON,NY,18351295.0,MB,2011,18803.08
2071,HUNTINGTON,NY,18351295.0,MB,2012,18233.92
2071,HUNTINGTON,NY,18351295.0,MB,2013,11703.58
2071,HUNTINGTON,NY,18351295.0,MB,2014,12489.5
2071,HUNTINGTON,NY,18351295.0,MB,2015,12801.5
2071,HUNTINGTON,NY,18351295.0,MB,2016,12235.17
2071,HUNTINGTON,NY,18351295.0,MB,2017,10924.0
2071,HUNTINGTON,NY,18351295.0,MB,2018,9489.08
2071,HUNTINGTON,NY,18351295.0,MB,2019,648153.04
2071,HUNTINGTON,NY,18351295.0,MB,2020,4652.42
2071,HUNTINGTON,NY,18351295.0,MB,2021,4397.83
2071,HUNTINGTON,NY,18351295.0,MB,2022,4289.62
2072,YAPHANK,NY,18351295.0,DR,2002,11286.92
2072,YAPHANK,NY,18351295.0,DR,2003,12339.17
2072,YAPHANK,NY,18351295.0,DR,2004,13950.33
2072,YAPHANK,NY,18351295.0,DR,2005,16416.83
2072,YAPHANK,NY,18351295.0,DR,2006,21214.25
2072,YAPHANK,NY,18351295.0,DR,2007,26043.0
2072,YAPHANK,NY,18351295.0,DR,2008,30947.83
2072,YAPHANK,NY,18351295.0,DR,2009,34165.08
2072,YAPHANK,NY,18351295.0,DR,2010,36535.33
2072,YAPHANK,NY,18351295.0,DR,2011,39320.67
2072,YAPHANK,NY,18351295.0,DR,2012,43520.25
2072,YAPHANK,NY,18351295.0,DR,2013,46899.83
2072,YAPHANK,NY,18351295.0,DR,2014,47666.42
2072,YAPHANK,NY,18351295.0,DR,2015,51205.92
2072,YAPHANK,NY,18351295.0,DR,2016,55762.83
2072,YAPHANK,NY,18351295.0,DR,2017,58298.67
2072,YAPHANK,NY,18351295.0,DR,2018,60289.5
2072,YAPHANK,NY,18351295.0,DR,2019,62731.58
2072,YAPHANK,NY,18351295.0,DR,2020,35610.75
2072,YAPHANK,NY,18351295.0,DR,2021,39702.92
2072,YAPHANK,NY,18351295.0,DR,2022,119055.26
2072,YAPHANK,NY,18351295.0,MB,2002,376177.75
2072,YAPHANK,NY,18351295.0,MB,2003,386037.58
2072,YAPHANK,NY,18351295.0,MB,2004,419446.33
2072,YAPHANK,NY,18351295.0,MB,2005,441883.0
2072,YAPHANK,NY,18351295.0,MB,2006,486240.25
2072,YAPHANK,NY,18351295.0,MB,2007,466425.58
2072,YAPHANK,NY,18351295.0,MB,2008,528472.08
2072,YAPHANK,NY,18351295.0,MB,2009,504533.58
2072,YAPHANK,NY,18351295.0,MB,2010,508375.92
2072,YAPHANK,NY,18351295.0,MB,2011,519681.08
2072,YAPHANK,NY,18351295.0,MB,2012,501340.33
2072,YAPHANK,NY,18351295.0,MB,2013,483784.42
2072,YAPHANK,NY,18351295.0,MB,2014,471022.08
2072,YAPHANK,NY,18351295.0,MB,2015,432239.33
2072,YAPHANK,NY,18351295.0,MB,2016,385706.17
2072,YAPHANK,NY,18351295.0,MB,2017,356779.17
2072,YAPHANK,NY,18351295.0,MB,2018,326128.58
2072,YAPHANK,NY,18351295.0,MB,2019,306227.17
2072,YAPHANK,NY,18351295.0,MB,2020,186235.67
2072,YAPHANK,NY,18351295.0,MB,2021,183218.17
2072,YAPHANK,NY,18351295.0,MB,2022,246325.88
2076,WHITE PLAINS,NY,18351295.0,DR,2002,648153.04
2076,WHITE PLAINS,NY,18351295.0,DR,2003,648153.04
2076,WHITE PLAINS,NY,18351295.0,DR,2004,15362.58
2076,WHITE PLAINS,NY,18351295.0,DR,2005,16375.58
2076,WHITE PLAINS,NY,18351295.0,DR,2006,16390.42
2076,WHITE PLAINS,NY,18351295.0,DR,2007,16961.58
2076,WHITE PLAINS,NY,18351295.0,DR,2008,18114.33
2076,WHITE PLAINS,NY,18351295.0,DR,2009,17742.42
2076,WHITE PLAINS,NY,18351295.0,DR,2010,17773.67
2076,WHITE PLAINS,NY,18351295.0,DR,2011,21284.83
2076,WHITE PLAINS,NY,18351295.0,DR,2012,21583.25
2076,WHITE PLAINS,NY,18351295.0,DR,2013,22040.5
2076,WHITE PLAINS,NY,18351295.0,DR,2014,22421.92
2076,WHITE PLAINS,NY,18351295.0,DR,2015,24794.5
2076,WHITE PLAINS,NY,18351295.0,DR,2016,21295.79
2076,WHITE PLAINS,NY,18351295.0,DR,2017,13508.46
2076,WHITE PLAINS,NY,18351295.0,DR,2018,13790.5
2076,WHITE PLAINS,NY,18351295.0,DR,2019,14546.0
2076,WHITE PLAINS,NY,18351295.0,DR,2020,7065.38
2076,WHITE PLAINS,NY,18351295.0,DR,2021,8972.62
2076,WHITE PLAINS,NY,18351295.0,DR,2022,11949.25
2076,WHITE PLAINS,NY,18351295.0,MB,2002,648153.04
2076,WHITE PLAINS,NY,18351295.0,MB,2003,648153.04
2076,WHITE PLAINS,NY,18351295.0,MB,2004,2322005.42
2076,WHITE PLAINS,NY,18351295.0,MB,2005,2078954.5
2076,WHITE PLAINS,NY,18351295.0,MB,2006,2410128.75
2076,WHITE PLAINS,NY,18351295.0,MB,2007,2572542.58
2076,WHITE PLAINS,NY,18351295.0,MB,2008,2689299.0
2076,WHITE PLAINS,NY,18351295.0,MB,2009,2662779.25
2076,WHITE PLAINS,NY,18351295.0,MB,2010,2689453.42
2076,WHITE PLAINS,NY,18351295.0,MB,2011,2632054.25
2076,WHITE PLAINS,NY,18351295.0,MB,2012,2657986.17
2076,WHITE PLAINS,NY,18351295.0,MB,2013,2706260.25
2076,WHITE PLAINS,NY,18351295.0,MB,2014,2617826.17
2076,WHITE PLAINS,NY,18351295.0,MB,2015,2489990.67
2076,WHITE PLAINS,NY,18351295.0,MB,2016,2449600.25
2076,WHITE PLAINS,NY,18351295.0,MB,2017,2386649.5
2076,WHITE PLAINS,NY,18351295.0,MB,2018,2281085.25
2076,WHITE PLAINS,NY,18351295.0,MB,2019,2206173.92
2076,WHITE PLAINS,NY,18351295.0,MB,2020,1386761.17
2076,WHITE PLAINS,NY,18351295.0,MB,2021,1368858.83
2076,WHITE PLAINS,NY,18351295.0,MB,2022,1475592.26
2078,New York,NY,18351295.0,CR,2002,5962478.08
2078,New York,NY,18351295.0,CR,2003,5923319.33
2078,New York,NY,18351295.0,CR,2004,5896384.58
2078,New York,NY,18351295.0,CR,2005,6065297.17
2078,New York,NY,18351295.0,CR,2006,6253664.58
2078,New York,NY,18351295.0,CR,2007,6519258.42
2078,New York,NY,18351295.0,CR,2008,6788873.58
2078,New York,NY,18351295.0,CR,2009,6497963.42
2078,New York,NY,18351295.0,CR,2010,6600912.33
2078,New York,NY,18351295.0,CR,2011,6697031.58
2078,New York,NY,18351295.0,CR,2012,6900640.75
2078,New York,NY,18351295.0,CR,2013,6940906.5
2078,New York,NY,18351295.0,CR,2014,7038643.08
2078,New York,NY,18351295.0,CR,2015,7146750.67
2078,New York,NY,18351295.0,CR,2016,7191459.25
2078,New York,NY,18351295.0,CR,2017,7196877.67
2078,New York,NY,18351295.0,CR,2018,7656113.83
2078,New York,NY,18351295.0,CR,2019,7619480.17
2078,New York,NY,18351295.0,CR,2020,2449271.58
2078,New York,NY,18351295.0,CR,2021,2687844.17
2078,New York,NY,18351295.0,CR,2022,3920317.0
2078,New York,NY,18351295.0,FB,2002,5309.42
2078,New York,NY,18351295.0,FB,2003,6989.58
2078,New York,NY,18351295.0,FB,2004,7181.75
2078,New York,NY,18351295.0,FB,2005,8739.33
2078,New York,NY,18351295.0,FB,2006,16258.58
2078,New York,NY,18351295.0,FB,2007,17139.83
2078,New York,NY,18351295.0,FB,2008,20532.25
2078,New York,NY,18351295.0,FB,2009,17737.33
2078,New York,NY,18351295.0,FB,2010,14529.33
2078,New York,NY,18351295.0,FB,2011,14514.42
2078,New York,NY,18351295.0,FB,2012,16715.33
2078,New York,NY,18351295.0,FB,2013,15568.08
2078,New York,NY,18351295.0,FB,2014,12479.75
2078,New York,NY,18351295.0,FB,2015,13361.75
2078,New York,NY,18351295.0,FB,2016,15933.83
2078,New York,NY,18351295.0,FB,2017,15733.75
2078,New York,NY,18351295.0,FB,2018,13710.33
2078,New York,NY,18351295.0,FB,2019,14399.75
2078,New York,NY,18351295.0,FB,2020,2933.83
2078,New York,NY,18351295.0,FB,2021,1349.75
2078,New York,NY,18351295.0,FB,2022,5373.0
2078,New York,NY,18351295.0,MB,2002,22268.0
2078,New York,NY,18351295.0,MB,2003,22840.58
2078,New York,NY,18351295.0,MB,2004,23160.08
2078,New York,NY,18351295.0,MB,2005,23529.42
2078,New York,NY,18351295.0,MB,2006,29001.08
2078,New York,NY,18351295.0,MB,2007,32780.25
2078,New York,NY,18351295.0,MB,2008,34457.33
2078,New York,NY,18351295.0,MB,2009,32118.25
2078,New York,NY,18351295.0,MB,2010,32969.58
2078,New York,NY,18351295.0,MB,2011,32061.5
2078,New York,NY,18351295.0,MB,2012,29085.83
2078,New York,NY,18351295.0,MB,2013,29210.25
2078,New York,NY,18351295.0,MB,2014,30248.0
2078,New York,NY,18351295.0,MB,2015,31508.58
2078,New York,NY,18351295.0,MB,2016,32003.67
2078,New York,NY,18351295.0,MB,2017,33159.42
2078,New York,NY,18351295.0,MB,2018,33301.75
2078,New York,NY,18351295.0,MB,2019,33849.42
2078,New York,NY,18351295.0,MB,2020,9276.5
2078,New York,NY,18351295.0,MB,2021,7514.83
2078,New York,NY,18351295.0,MB,2022,11980.12
2079,Yonkers,NY,17799861.0,MB,2002,54077.92
2079,Yonkers,NY,17799861.0,MB,2003,2290936.17
2079,Yonkers,NY,17799861.0,MB,2004,2298182.75
2079,Yonkers,NY,17799861.0,MB,2005,2042950.0
2079,Yonkers,NY,17799861.0,MB,2006,648153.04
2079,Yonkers,NY,17799861.0,MB,2007,648153.04
2079,Yonkers,NY,17799861.0,MB,2008,648153.04
2079,Yonkers,NY,17799861.0,MB,2009,648153.04
2079,Yonkers,NY,17799861.0,MB,2010,648153.04
2079,Yonkers,NY,17799861.0,MB,2011,648153.04
2079,Yonkers,NY,17799861.0,MB,2012,648153.04
2079,Yonkers,NY,17799861.0,MB,2013,648153.04
2079,Yonkers,NY,17799861.0,MB,2014,648153.04
2079,Yonkers,NY,17799861.0,MB,2015,648153.04
2079,Yonkers,NY,17799861.0,MB,2016,648153.04
2079,Yonkers,NY,17799861.0,MB,2017,648153.04
2079,Yonkers,NY,17799861.0,MB,2018,648153.04
2079,Yonkers,NY,17799861.0,MB,2019,648153.04
2079,Yonkers,NY,17799861.0,MB,2020,648153.04
2079,Yonkers,NY,17799861.0,MB,2021,648153.04
2079,Yonkers,NY,17799861.0,MB,2022,648153.04
2082,NEW YORK,NY,18351295.0,CB,2002,648153.04
2082,NEW YORK,NY,18351295.0,CB,2003,648153.04
2082,NEW YORK,NY,18351295.0,CB,2004,648153.04
2082,NEW YORK,NY,18351295.0,CB,2005,648153.04
2082,NEW YORK,NY,18351295.0,CB,2006,648153.04
2082,NEW YORK,NY,18351295.0,CB,2007,648153.04
2082,NEW YORK,NY,18351295.0,CB,2008,648153.04
2082,NEW YORK,NY,18351295.0,CB,2009,648153.04
2082,NEW YORK,NY,18351295.0,CB,2010,648153.04
2082,NEW YORK,NY,18351295.0,CB,2011,648153.04
2082,NEW YORK,NY,18351295.0,CB,2012,648153.04
2082,NEW YORK,NY,18351295.0,CB,2013,648153.04
2082,NEW YORK,NY,18351295.0,CB,2014,648153.04
2082,NEW YORK,NY,18351295.0,CB,2015,648153.04
2082,NEW YORK,NY,18351295.0,CB,2016,346834.77
2082,NEW YORK,NY,18351295.0,CB,2017,44240.25
2082,NEW YORK,NY,18351295.0,CB,2018,38524.58
2082,NEW YORK,NY,18351295.0,CB,2019,29616.58
2082,NEW YORK,NY,18351295.0,CB,2020,9090.5
2082,NEW YORK,NY,18351295.0,CB,2021,6564.42
2082,NEW YORK,NY,18351295.0,CB,2022,648153.04
2082,NEW YORK,NY,18351295.0,FB,2002,1503293.0
2082,NEW YORK,NY,18351295.0,FB,2003,1564482.0
2082,NEW YORK,NY,18351295.0,FB,2004,1736800.08
2082,NEW YORK,NY,18351295.0,FB,2005,1639900.5
2082,NEW YORK,NY,18351295.0,FB,2006,1604024.83
2082,NEW YORK,NY,18351295.0,FB,2007,1625917.17
2082,NEW YORK,NY,18351295.0,FB,2008,1724170.0
2082,NEW YORK,NY,18351295.0,FB,2009,1760785.33
2082,NEW YORK,NY,18351295.0,FB,2010,1745994.42
2082,NEW YORK,NY,18351295.0,FB,2011,1815748.08
2082,NEW YORK,NY,18351295.0,FB,2012,1856388.58
2082,NEW YORK,NY,18351295.0,FB,2013,1714461.67
2082,NEW YORK,NY,18351295.0,FB,2014,1831376.0
2082,NEW YORK,NY,18351295.0,FB,2015,1865926.67
2082,NEW YORK,NY,18351295.0,FB,2016,1945554.75
2082,NEW YORK,NY,18351295.0,FB,2017,2035176.58
2082,NEW YORK,NY,18351295.0,FB,2018,2064652.25
2082,NEW YORK,NY,18351295.0,FB,2019,1911278.58
2082,NEW YORK,NY,18351295.0,FB,2020,710017.67
2082,NEW YORK,NY,18351295.0,FB,2021,829420.25
2082,NEW YORK,NY,18351295.0,FB,2022,1099552.75
2082,NEW YORK,NY,18351295.0,MB,2002,648153.04
2082,NEW YORK,NY,18351295.0,MB,2003,648153.04
2082,NEW YORK,NY,18351295.0,MB,2004,648153.04
2082,NEW YORK,NY,18351295.0,MB,2005,648153.04
2082,NEW YORK,NY,18351295.0,MB,2006,648153.04
2082,NEW YORK,NY,18351295.0,MB,2007,56662.17
2082,NEW YORK,NY,18351295.0,MB,2008,58551.08
2082,NEW YORK,NY,18351295.0,MB,2009,55054.5
2082,NEW YORK,NY,18351295.0,MB,2010,51445.25
2082,NEW YORK,NY,18351295.0,MB,2011,53803.33
2082,NEW YORK,NY,18351295.0,MB,2012,54109.42
2082,NEW YORK,NY,18351295.0,MB,2013,51799.5
2082,NEW YORK,NY,18351295.0,MB,2014,48620.25
2082,NEW YORK,NY,18351295.0,MB,2015,50306.83
2082,NEW YORK,NY,18351295.0,MB,2016,349589.77
2082,NEW YORK,NY,18351295.0,MB,2017,648153.04
2082,NEW YORK,NY,18351295.0,MB,2018,648153.04
2082,NEW YORK,NY,18351295.0,MB,2019,648153.04
2082,NEW YORK,NY,18351295.0,MB,2020,648153.04
2082,NEW YORK,NY,18351295.0,MB,2021,648153.04
2082,NEW YORK,NY,18351295.0,MB,2022,648153.04
2084,NEW CITY,NY,18351295.0,DR,2002,648153.04
2084,NEW CITY,NY,18351295.0,DR,2003,648153.04
2084,NEW CITY,NY,18351295.0,DR,2004,648153.04
2084,NEW CITY,NY,18351295.0,DR,2005,648153.04
2084,NEW CITY,NY,18351295.0,DR,2006,648153.04
2084,NEW CITY,NY,18351295.0,DR,2007,648153.04
2084,NEW CITY,NY,18351295.0,DR,2008,648153.04
2084,NEW CITY,NY,18351295.0,DR,2009,648153.04
2084,NEW CITY,NY,18351295.0,DR,2010,648153.04
2084,NEW CITY,NY,18351295.0,DR,2011,648153.04
2084,NEW CITY,NY,18351295.0,DR,2012,648153.04
2084,NEW CITY,NY,18351295.0,DR,2013,648153.04
2084,NEW CITY,NY,18351295.0,DR,2014,5514.5
2084,NEW CITY,NY,18351295.0,DR,2015,4844.58
2084,NEW CITY,NY,18351295.0,DR,2016,5311.33
2084,NEW CITY,NY,18351295.0,DR,2017,4695.33
2084,NEW CITY,NY,18351295.0,DR,2018,4580.5
2084,NEW CITY,NY,18351295.0,DR,2019,4774.42
2084,NEW CITY,NY,18351295.0,DR,2020,2453.83
2084,NEW CITY,NY,18351295.0,DR,2021,3362.5
2084,NEW CITY,NY,18351295.0,DR,2022,4374.88
2084,NEW CITY,NY,18351295.0,MB,2002,174467.17
2084,NEW CITY,NY,18351295.0,MB,2003,188834.25
2084,NEW CITY,NY,18351295.0,MB,2004,203556.75
2084,NEW CITY,NY,18351295.0,MB,2005,223091.5
2084,NEW CITY,NY,18351295.0,MB,2006,262664.42
2084,NEW CITY,NY,18351295.0,MB,2007,283820.33
2084,NEW CITY,NY,18351295.0,MB,2008,321063.17
2084,NEW CITY,NY,18351295.0,MB,2009,306279.0
2084,NEW CITY,NY,18351295.0,MB,2010,294519.25
2084,NEW CITY,NY,18351295.0,MB,2011,283802.67
2084,NEW CITY,NY,18351295.0,MB,2012,276904.42
2084,NEW CITY,NY,18351295.0,MB,2013,264840.33
2084,NEW CITY,NY,18351295.0,MB,2014,245685.08
2084,NEW CITY,NY,18351295.0,MB,2015,225133.42
2084,NEW CITY,NY,18351295.0,MB,2016,211200.08
2084,NEW CITY,NY,18351295.0,MB,2017,196877.75
2084,NEW CITY,NY,18351295.0,MB,2018,170529.08
2084,NEW CITY,NY,18351295.0,MB,2019,129433.83
2084,NEW CITY,NY,18351295.0,MB,2020,79356.42
2084,NEW CITY,NY,18351295.0,MB,2021,105403.33
2084,NEW CITY,NY,18351295.0,MB,2022,94526.25
2085,NEW CITY,NY,18351295.0,MB,2002,648153.04
2085,NEW CITY,NY,18351295.0,MB,2003,13921.0
2085,NEW CITY,NY,18351295.0,MB,2004,65719.75
2085,NEW CITY,NY,18351295.0,MB,2005,12958.42
2085,NEW CITY,NY,18351295.0,MB,2006,12978.67
2085,NEW CITY,NY,18351295.0,MB,2007,12392.42
2085,NEW CITY,NY,18351295.0,MB,2008,13082.33
2085,NEW CITY,NY,18351295.0,MB,2009,12607.5
2085,NEW CITY,NY,18351295.0,MB,2010,12276.0
2085,NEW CITY,NY,18351295.0,MB,2011,11658.17
2085,NEW CITY,NY,18351295.0,MB,2012,648153.04
2085,NEW CITY,NY,18351295.0,MB,2013,648153.04
2085,NEW CITY,NY,18351295.0,MB,2014,648153.04
2085,NEW CITY,NY,18351295.0,MB,2015,648153.04
2085,NEW CITY,NY,18351295.0,MB,2016,648153.04
2085,NEW CITY,NY,18351295.0,MB,2017,648153.04
2085,NEW CITY,NY,18351295.0,MB,2018,648153.04
2085,NEW CITY,NY,18351295.0,MB,2019,648153.04
2085,NEW CITY,NY,18351295.0,MB,2020,648153.04
2085,NEW CITY,NY,18351295.0,MB,2021,648153.04
2085,NEW CITY,NY,18351295.0,MB,2022,648153.04
2086,Pomona,NY,18351295.0,DR,2002,5142.83
2086,Pomona,NY,18351295.0,DR,2003,5268.92
2086,Pomona,NY,18351295.0,DR,2004,5392.17
2086,Pomona,NY,18351295.0,DR,2005,5594.0
2086,Pomona,NY,18351295.0,DR,2006,5801.67
2086,Pomona,NY,18351295.0,DR,2007,6292.08
2086,Pomona,NY,18351295.0,DR,2008,6812.92
2086,Pomona,NY,18351295.0,DR,2009,6516.17
2086,Pomona,NY,18351295.0,DR,2010,6046.83
2086,Pomona,NY,18351295.0,DR,2011,5764.67
2086,Pomona,NY,18351295.0,DR,2012,648153.04
2086,Pomona,NY,18351295.0,DR,2013,648153.04
2086,Pomona,NY,18351295.0,DR,2014,648153.04
2086,Pomona,NY,18351295.0,DR,2015,648153.04
2086,Pomona,NY,18351295.0,DR,2016,648153.04
2086,Pomona,NY,18351295.0,DR,2017,648153.04
2086,Pomona,NY,18351295.0,DR,2018,648153.04
2086,Pomona,NY,18351295.0,DR,2019,648153.04
2086,Pomona,NY,18351295.0,DR,2020,648153.04
2086,Pomona,NY,18351295.0,DR,2021,648153.04
2086,Pomona,NY,18351295.0,DR,2022,648153.04
2089,Spring Valley,NY,18351295.0,MB,2002,648153.04
2089,Spring Valley,NY,18351295.0,MB,2003,648153.04
2089,Spring Valley,NY,18351295.0,MB,2004,648153.04
2089,Spring Valley,NY,18351295.0,MB,2005,648153.04
2089,Spring Valley,NY,18351295.0,MB,2006,55660.25
2089,Spring Valley,NY,18351295.0,MB,2007,2275.33
2089,Spring Valley,NY,18351295.0,MB,2008,3236.0
2089,Spring Valley,NY,18351295.0,MB,2009,2962.0
2089,Spring Valley,NY,18351295.0,MB,2010,2296.33
2089,Spring Valley,NY,18351295.0,MB,2011,1336.33
2089,Spring Valley,NY,18351295.0,MB,2012,648153.04
2089,Spring Valley,NY,18351295.0,MB,2013,648153.04
2089,Spring Valley,NY,18351295.0,MB,2014,648153.04
2089,Spring Valley,NY,18351295.0,MB,2015,648153.04
2089,Spring Valley,NY,18351295.0,MB,2016,648153.04
2089,Spring Valley,NY,18351295.0,MB,2017,648153.04
2089,Spring Valley,NY,18351295.0,MB,2018,648153.04
2089,Spring Valley,NY,18351295.0,MB,2019,648153.04
2089,Spring Valley,NY,18351295.0,MB,2020,648153.04
2089,Spring Valley,NY,18351295.0,MB,2021,648153.04
2089,Spring Valley,NY,18351295.0,MB,2022,648153.04
2096,CARMEL,NY,18351295.0,DR,2002,621.25
2096,CARMEL,NY,18351295.0,DR,2003,739.0
2096,CARMEL,NY,18351295.0,DR,2004,786.58
2096,CARMEL,NY,18351295.0,DR,2005,1047.92
2096,CARMEL,NY,18351295.0,DR,2006,1106.5
2096,CARMEL,NY,18351295.0,DR,2007,1120.08
2096,CARMEL,NY,18351295.0,DR,2008,1296.0
2096,CARMEL,NY,18351295.0,DR,2009,1509.0
2096,CARMEL,NY,18351295.0,DR,2010,1586.92
2096,CARMEL,NY,18351295.0,DR,2011,1595.33
2096,CARMEL,NY,18351295.0,DR,2012,1705.75
2096,CARMEL,NY,18351295.0,DR,2013,1668.92
2096,CARMEL,NY,18351295.0,DR,2014,1593.5
2096,CARMEL,NY,18351295.0,DR,2015,1400.42
2096,CARMEL,NY,18351295.0,DR,2016,1361.5
2096,CARMEL,NY,18351295.0,DR,2017,1371.92
2096,CARMEL,NY,18351295.0,DR,2018,1258.33
2096,CARMEL,NY,18351295.0,DR,2019,1235.42
2096,CARMEL,NY,18351295.0,DR,2020,521.83
2096,CARMEL,NY,18351295.0,DR,2021,757.83
2096,CARMEL,NY,18351295.0,DR,2022,849.62
2096,CARMEL,NY,18351295.0,MB,2002,12477.75
2096,CARMEL,NY,18351295.0,MB,2003,13288.0
2096,CARMEL,NY,18351295.0,MB,2004,13587.17
2096,CARMEL,NY,18351295.0,MB,2005,13534.42
2096,CARMEL,NY,18351295.0,MB,2006,12019.08
2096,CARMEL,NY,18351295.0,MB,2007,12587.83
2096,CARMEL,NY,18351295.0,MB,2008,13224.25
2096,CARMEL,NY,18351295.0,MB,2009,13276.5
2096,CARMEL,NY,18351295.0,MB,2010,13985.33
2096,CARMEL,NY,18351295.0,MB,2011,12631.67
2096,CARMEL,NY,18351295.0,MB,2012,12123.25
2096,CARMEL,NY,18351295.0,MB,2013,11703.08
2096,CARMEL,NY,18351295.0,MB,2014,10419.08
2096,CARMEL,NY,18351295.0,MB,2015,9798.0
2096,CARMEL,NY,18351295.0,MB,2016,10612.0
2096,CARMEL,NY,18351295.0,MB,2017,9705.67
2096,CARMEL,NY,18351295.0,MB,2018,8800.92
2096,CARMEL,NY,18351295.0,MB,2019,8865.58
2096,CARMEL,NY,18351295.0,MB,2020,4332.0
2096,CARMEL,NY,18351295.0,MB,2021,5951.75
2096,CARMEL,NY,18351295.0,MB,2022,6357.0
2096,CARMEL,NY,18351295.0,TB,2002,648153.04
2096,CARMEL,NY,18351295.0,TB,2003,648153.04
2096,CARMEL,NY,18351295.0,TB,2004,648153.04
2096,CARMEL,NY,18351295.0,TB,2005,648153.04
2096,CARMEL,NY,18351295.0,TB,2006,519.58
2096,CARMEL,NY,18351295.0,TB,2007,648153.04
2096,CARMEL,NY,18351295.0,TB,2008,648153.04
2096,CARMEL,NY,18351295.0,TB,2009,648153.04
2096,CARMEL,NY,18351295.0,TB,2010,648153.04
2096,CARMEL,NY,18351295.0,TB,2011,648153.04
2096,CARMEL,NY,18351295.0,TB,2012,648153.04
2096,CARMEL,NY,18351295.0,TB,2013,648153.04
2096,CARMEL,NY,18351295.0,TB,2014,648153.04
2096,CARMEL,NY,18351295.0,TB,2015,648153.04
2096,CARMEL,NY,18351295.0,TB,2016,648153.04
2096,CARMEL,NY,18351295.0,TB,2017,648153.04
2096,CARMEL,NY,18351295.0,TB,2018,648153.04
2096,CARMEL,NY,18351295.0,TB,2019,648153.04
2096,CARMEL,NY,18351295.0,TB,2020,648153.04
2096,CARMEL,NY,18351295.0,TB,2021,648153.04
2096,CARMEL,NY,18351295.0,TB,2022,648153.04
2099,Staten Island,NY,18351295.0,HR,2002,296936.0
2099,Staten Island,NY,18351295.0,HR,2003,285764.5
2099,Staten Island,NY,18351295.0,HR,2004,279859.83
2099,Staten Island,NY,18351295.0,HR,2005,290080.58
2099,Staten Island,NY,18351295.0,HR,2006,317455.0
2099,Staten Island,NY,18351295.0,HR,2007,347604.75
2099,Staten Island,NY,18351295.0,HR,2008,655052.5
2099,Staten Island,NY,18351295.0,HR,2009,601503.92
2099,Staten Island,NY,18351295.0,HR,2010,636323.58
2099,Staten Island,NY,18351295.0,HR,2011,626409.0
2099,Staten Island,NY,18351295.0,HR,2012,538991.5
2099,Staten Island,NY,18351295.0,HR,2013,582099.42
2099,Staten Island,NY,18351295.0,HR,2014,691816.17
2099,Staten Island,NY,18351295.0,HR,2015,713084.08
2099,Staten Island,NY,18351295.0,HR,2016,717860.0
2099,Staten Island,NY,18351295.0,HR,2017,687010.75
2099,Staten Island,NY,18351295.0,HR,2018,677471.75
2099,Staten Island,NY,18351295.0,HR,2019,644320.75
2099,Staten Island,NY,18351295.0,HR,2020,226161.75
2099,Staten Island,NY,18351295.0,HR,2021,231358.5
2099,Staten Island,NY,18351295.0,HR,2022,298994.62
2100,Jamaica,NY,18351295.0,CR,2002,7735943.67
2100,Jamaica,NY,18351295.0,CR,2003,8466083.33
2100,Jamaica,NY,18351295.0,CR,2004,8261583.33
2100,Jamaica,NY,18351295.0,CR,2005,8314728.33
2100,Jamaica,NY,18351295.0,CR,2006,7903666.67
2100,Jamaica,NY,18351295.0,CR,2007,8264583.33
2100,Jamaica,NY,18351295.0,CR,2008,8341000.0
2100,Jamaica,NY,18351295.0,CR,2009,8359761.33
2100,Jamaica,NY,18351295.0,CR,2010,8153332.92
2100,Jamaica,NY,18351295.0,CR,2011,8173491.67
2100,Jamaica,NY,18351295.0,CR,2012,8060912.33
2100,Jamaica,NY,18351295.0,CR,2013,8090854.58
2100,Jamaica,NY,18351295.0,CR,2014,8199489.92
2100,Jamaica,NY,18351295.0,CR,2015,8224959.33
2100,Jamaica,NY,18351295.0,CR,2016,8599738.08
2100,Jamaica,NY,18351295.0,CR,2017,8635867.08
2100,Jamaica,NY,18351295.0,CR,2018,8794841.75
2100,Jamaica,NY,18351295.0,CR,2019,9520113.67
2100,Jamaica,NY,18351295.0,CR,2020,3623742.25
2100,Jamaica,NY,18351295.0,CR,2021,4097296.42
2100,Jamaica,NY,18351295.0,CR,2022,5543636.12
2113,ROCHESTER,NY,720572.0,DR,2002,14594.42
2113,ROCHESTER,NY,720572.0,DR,2003,12589.83
2113,ROCHESTER,NY,720572.0,DR,2004,14050.25
2113,ROCHESTER,NY,720572.0,DR,2005,15653.0
2113,ROCHESTER,NY,720572.0,DR,2006,15368.67
2113,ROCHESTER,NY,720572.0,DR,2007,14809.33
2113,ROCHESTER,NY,720572.0,DR,2008,15214.67
2113,ROCHESTER,NY,720572.0,DR,2009,15046.17
2113,ROCHESTER,NY,720572.0,DR,2010,14302.67
2113,ROCHESTER,NY,720572.0,DR,2011,13763.58
2113,ROCHESTER,NY,720572.0,DR,2012,14027.58
2113,ROCHESTER,NY,720572.0,DR,2013,14862.0
2113,ROCHESTER,NY,720572.0,DR,2014,15332.25
2113,ROCHESTER,NY,720572.0,DR,2015,15954.42
2113,ROCHESTER,NY,720572.0,DR,2016,16251.75
2113,ROCHESTER,NY,720572.0,DR,2017,17701.25
2113,ROCHESTER,NY,720572.0,DR,2018,18513.17
2113,ROCHESTER,NY,720572.0,DR,2019,20062.58
2113,ROCHESTER,NY,720572.0,DR,2020,11666.58
2113,ROCHESTER,NY,720572.0,DR,2021,20137.5
2113,ROCHESTER,NY,720572.0,DR,2022,28088.5
2113,ROCHESTER,NY,720572.0,MB,2002,1043152.08
2113,ROCHESTER,NY,720572.0,MB,2003,1169594.75
2113,ROCHESTER,NY,720572.0,MB,2004,1179737.58
2113,ROCHESTER,NY,720572.0,MB,2005,1169759.17
2113,ROCHESTER,NY,720572.0,MB,2006,1162999.17
2113,ROCHESTER,NY,720572.0,MB,2007,1239358.67
2113,ROCHESTER,NY,720572.0,MB,2008,1340665.5
2113,ROCHESTER,NY,720572.0,MB,2009,1403672.75
2113,ROCHESTER,NY,720572.0,MB,2010,1403232.5
2113,ROCHESTER,NY,720572.0,MB,2011,1755141.5
2113,ROCHESTER,NY,720572.0,MB,2012,1739581.83
2113,ROCHESTER,NY,720572.0,MB,2013,1511042.58
2113,ROCHESTER,NY,720572.0,MB,2014,1419628.75
2113,ROCHESTER,NY,720572.0,MB,2015,1403475.33
2113,ROCHESTER,NY,720572.0,MB,2016,1315686.75
2113,ROCHESTER,NY,720572.0,MB,2017,1260418.25
2113,ROCHESTER,NY,720572.0,MB,2018,1218892.25
2113,ROCHESTER,NY,720572.0,MB,2019,1200152.92
2113,ROCHESTER,NY,720572.0,MB,2020,739727.25
2113,ROCHESTER,NY,720572.0,MB,2021,597355.33
2113,ROCHESTER,NY,720572.0,MB,2022,667103.38
2113,ROCHESTER,NY,720572.0,VP,2002,648153.04
2113,ROCHESTER,NY,720572.0,VP,2003,648153.04
2113,ROCHESTER,NY,720572.0,VP,2004,648153.04
2113,ROCHESTER,NY,720572.0,VP,2005,648153.04
2113,ROCHESTER,NY,720572.0,VP,2006,648153.04
2113,ROCHESTER,NY,720572.0,VP,2007,648153.04
2113,ROCHESTER,NY,720572.0,VP,2008,648153.04
2113,ROCHESTER,NY,720572.0,VP,2009,648153.04
2113,ROCHESTER,NY,720572.0,VP,2010,648153.04
2113,ROCHESTER,NY,720572.0,VP,2011,648153.04
2113,ROCHESTER,NY,720572.0,VP,2012,648153.04
2113,ROCHESTER,NY,720572.0,VP,2013,648153.04
2113,ROCHESTER,NY,720572.0,VP,2014,648153.04
2113,ROCHESTER,NY,720572.0,VP,2015,648153.04
2113,ROCHESTER,NY,720572.0,VP,2016,648153.04
2113,ROCHESTER,NY,720572.0,VP,2017,162333.18
2113,ROCHESTER,NY,720572.0,VP,2018,1318.25
2113,ROCHESTER,NY,720572.0,VP,2019,874.33
2113,ROCHESTER,NY,720572.0,VP,2020,1028.67
2113,ROCHESTER,NY,720572.0,VP,2021,213.0
2113,ROCHESTER,NY,720572.0,VP,2022,323.12
2116,SYRACUSE,NY,412317.0,DR,2002,2.17
2116,SYRACUSE,NY,412317.0,DR,2003,0.5
2116,SYRACUSE,NY,412317.0,DR,2004,648153.04
2116,SYRACUSE,NY,412317.0,DR,2005,648153.04
2116,SYRACUSE,NY,412317.0,DR,2006,648153.04
2116,SYRACUSE,NY,412317.0,DR,2007,648153.04
2116,SYRACUSE,NY,412317.0,DR,2008,648153.04
2116,SYRACUSE,NY,412317.0,DR,2009,648153.04
2116,SYRACUSE,NY,412317.0,DR,2010,648153.04
2116,SYRACUSE,NY,412317.0,DR,2011,648153.04
2116,SYRACUSE,NY,412317.0,DR,2012,648153.04
2116,SYRACUSE,NY,412317.0,DR,2013,648153.04
2116,SYRACUSE,NY,412317.0,DR,2014,648153.04
2116,SYRACUSE,NY,412317.0,DR,2015,648153.04
2116,SYRACUSE,NY,412317.0,DR,2016,648153.04
2116,SYRACUSE,NY,412317.0,DR,2017,648153.04
2116,SYRACUSE,NY,412317.0,DR,2018,648153.04
2116,SYRACUSE,NY,412317.0,DR,2019,648153.04
2116,SYRACUSE,NY,412317.0,DR,2020,648153.04
2116,SYRACUSE,NY,412317.0,DR,2021,648153.04
2116,SYRACUSE,NY,412317.0,DR,2022,648153.04
2116,SYRACUSE,NY,412317.0,MB,2002,4789.42
2116,SYRACUSE,NY,412317.0,MB,2003,4790.17
2116,SYRACUSE,NY,412317.0,MB,2004,4706.17
2116,SYRACUSE,NY,412317.0,MB,2005,27259.25
2116,SYRACUSE,NY,412317.0,MB,2006,30457.67
2116,SYRACUSE,NY,412317.0,MB,2007,31703.5
2116,SYRACUSE,NY,412317.0,MB,2008,41411.67
2116,SYRACUSE,NY,412317.0,MB,2009,39949.67
2116,SYRACUSE,NY,412317.0,MB,2010,35069.42
2116,SYRACUSE,NY,412317.0,MB,2011,35309.08
2116,SYRACUSE,NY,412317.0,MB,2012,36023.17
2116,SYRACUSE,NY,412317.0,MB,2013,35779.92
2116,SYRACUSE,NY,412317.0,MB,2014,33588.08
2116,SYRACUSE,NY,412317.0,MB,2015,494226.95
2116,SYRACUSE,NY,412317.0,MB,2016,648153.04
2116,SYRACUSE,NY,412317.0,MB,2017,648153.04
2116,SYRACUSE,NY,412317.0,MB,2018,648153.04
2116,SYRACUSE,NY,412317.0,MB,2019,648153.04
2116,SYRACUSE,NY,412317.0,MB,2020,648153.04
2116,SYRACUSE,NY,412317.0,MB,2021,648153.04
2116,SYRACUSE,NY,412317.0,MB,2022,648153.04
2117,Yonkers,NY,17799861.0,MB,2002,5796.58
2117,Yonkers,NY,17799861.0,MB,2003,0.0
2117,Yonkers,NY,17799861.0,MB,2004,648153.04
2117,Yonkers,NY,17799861.0,MB,2005,648153.04
2117,Yonkers,NY,17799861.0,MB,2006,648153.04
2117,Yonkers,NY,17799861.0,MB,2007,648153.04
2117,Yonkers,NY,17799861.0,MB,2008,648153.04
2117,Yonkers,NY,17799861.0,MB,2009,648153.04
2117,Yonkers,NY,17799861.0,MB,2010,648153.04
2117,Yonkers,NY,17799861.0,MB,2011,648153.04
2117,Yonkers,NY,17799861.0,MB,2012,648153.04
2117,Yonkers,NY,17799861.0,MB,2013,648153.04
2117,Yonkers,NY,17799861.0,MB,2014,648153.04
2117,Yonkers,NY,17799861.0,MB,2015,648153.04
2117,Yonkers,NY,17799861.0,MB,2016,648153.04
2117,Yonkers,NY,17799861.0,MB,2017,648153.04
2117,Yonkers,NY,17799861.0,MB,2018,648153.04
2117,Yonkers,NY,17799861.0,MB,2019,648153.04
2117,Yonkers,NY,17799861.0,MB,2020,648153.04
2117,Yonkers,NY,17799861.0,MB,2021,648153.04
2117,Yonkers,NY,17799861.0,MB,2022,648153.04
2120,QUEENSBURY,NY,65443.0,DR,2002,648153.04
2120,QUEENSBURY,NY,65443.0,DR,2003,247.58
2120,QUEENSBURY,NY,65443.0,DR,2004,648153.04
2120,QUEENSBURY,NY,65443.0,DR,2005,261.08
2120,QUEENSBURY,NY,65443.0,DR,2006,269.25
2120,QUEENSBURY,NY,65443.0,DR,2007,240.42
2120,QUEENSBURY,NY,65443.0,DR,2008,258.67
2120,QUEENSBURY,NY,65443.0,DR,2009,247.25
2120,QUEENSBURY,NY,65443.0,DR,2010,203.92
2120,QUEENSBURY,NY,65443.0,DR,2011,178.5
2120,QUEENSBURY,NY,65443.0,DR,2012,648153.04
2120,QUEENSBURY,NY,65443.0,DR,2013,648153.04
2120,QUEENSBURY,NY,65443.0,DR,2014,648153.04
2120,QUEENSBURY,NY,65443.0,DR,2015,648153.04
2120,QUEENSBURY,NY,65443.0,DR,2016,648153.04
2120,QUEENSBURY,NY,65443.0,DR,2017,648153.04
2120,QUEENSBURY,NY,65443.0,DR,2018,648153.04
2120,QUEENSBURY,NY,65443.0,DR,2019,648153.04
2120,QUEENSBURY,NY,65443.0,DR,2020,648153.04
2120,QUEENSBURY,NY,65443.0,DR,2021,648153.04
2120,QUEENSBURY,NY,65443.0,DR,2022,648153.04
2120,QUEENSBURY,NY,65443.0,MB,2002,648153.04
2120,QUEENSBURY,NY,65443.0,MB,2003,18687.42
2120,QUEENSBURY,NY,65443.0,MB,2004,648153.04
2120,QUEENSBURY,NY,65443.0,MB,2005,17694.92
2120,QUEENSBURY,NY,65443.0,MB,2006,26005.67
2120,QUEENSBURY,NY,65443.0,MB,2007,17808.17
2120,QUEENSBURY,NY,65443.0,MB,2008,18163.08
2120,QUEENSBURY,NY,65443.0,MB,2009,25658.5
2120,QUEENSBURY,NY,65443.0,MB,2010,26888.67
2120,QUEENSBURY,NY,65443.0,MB,2011,28235.42
2120,QUEENSBURY,NY,65443.0,MB,2012,648153.04
2120,QUEENSBURY,NY,65443.0,MB,2013,648153.04
2120,QUEENSBURY,NY,65443.0,MB,2014,648153.04
2120,QUEENSBURY,NY,65443.0,MB,2015,648153.04
2120,QUEENSBURY,NY,65443.0,MB,2016,648153.04
2120,QUEENSBURY,NY,65443.0,MB,2017,648153.04
2120,QUEENSBURY,NY,65443.0,MB,2018,648153.04
2120,QUEENSBURY,NY,65443.0,MB,2019,648153.04
2120,QUEENSBURY,NY,65443.0,MB,2020,648153.04
2120,QUEENSBURY,NY,65443.0,MB,2021,648153.04
2120,QUEENSBURY,NY,65443.0,MB,2022,648153.04
2120,QUEENSBURY,NY,65443.0,OR,2002,648153.04
2120,QUEENSBURY,NY,65443.0,OR,2003,648153.04
2120,QUEENSBURY,NY,65443.0,OR,2004,648153.04
2120,QUEENSBURY,NY,65443.0,OR,2005,327164.1
2120,QUEENSBURY,NY,65443.0,OR,2006,648153.04
2120,QUEENSBURY,NY,65443.0,OR,2007,648153.04
2120,QUEENSBURY,NY,65443.0,OR,2008,648153.04
2120,QUEENSBURY,NY,65443.0,OR,2009,648153.04
2120,QUEENSBURY,NY,65443.0,OR,2010,648153.04
2120,QUEENSBURY,NY,65443.0,OR,2011,648153.04
2120,QUEENSBURY,NY,65443.0,OR,2012,648153.04
2120,QUEENSBURY,NY,65443.0,OR,2013,648153.04
2120,QUEENSBURY,NY,65443.0,OR,2014,648153.04
2120,QUEENSBURY,NY,65443.0,OR,2015,648153.04
2120,QUEENSBURY,NY,65443.0,OR,2016,648153.04
2120,QUEENSBURY,NY,65443.0,OR,2017,648153.04
2120,QUEENSBURY,NY,65443.0,OR,2018,648153.04
2120,QUEENSBURY,NY,65443.0,OR,2019,648153.04
2120,QUEENSBURY,NY,65443.0,OR,2020,648153.04
2120,QUEENSBURY,NY,65443.0,OR,2021,648153.04
2120,QUEENSBURY,NY,65443.0,OR,2022,648153.04
2135,Spring Valley,NY,18351295.0,CB,2002,648153.04
2135,Spring Valley,NY,18351295.0,CB,2003,648153.04
2135,Spring Valley,NY,18351295.0,CB,2004,648153.04
2135,Spring Valley,NY,18351295.0,CB,2005,648153.04
2135,Spring Valley,NY,18351295.0,CB,2006,648153.04
2135,Spring Valley,NY,18351295.0,CB,2007,648153.04
2135,Spring Valley,NY,18351295.0,CB,2008,648153.04
2135,Spring Valley,NY,18351295.0,CB,2009,648153.04
2135,Spring Valley,NY,18351295.0,CB,2010,648153.04
2135,Spring Valley,NY,18351295.0,CB,2011,648153.04
2135,Spring Valley,NY,18351295.0,CB,2012,51161.75
2135,Spring Valley,NY,18351295.0,CB,2013,53019.0
2135,Spring Valley,NY,18351295.0,CB,2014,53217.08
2135,Spring Valley,NY,18351295.0,CB,2015,52312.0
2135,Spring Valley,NY,18351295.0,CB,2016,52717.33
2135,Spring Valley,NY,18351295.0,CB,2017,52401.83
2135,Spring Valley,NY,18351295.0,CB,2018,51329.08
2135,Spring Valley,NY,18351295.0,CB,2019,50324.0
2135,Spring Valley,NY,18351295.0,CB,2020,30384.67
2135,Spring Valley,NY,18351295.0,CB,2021,35723.75
2135,Spring Valley,NY,18351295.0,CB,2022,38868.0
2135,Spring Valley,NY,18351295.0,MB,2002,648153.04
2135,Spring Valley,NY,18351295.0,MB,2003,648153.04
2135,Spring Valley,NY,18351295.0,MB,2004,648153.04
2135,Spring Valley,NY,18351295.0,MB,2005,648153.04
2135,Spring Valley,NY,18351295.0,MB,2006,648153.04
2135,Spring Valley,NY,18351295.0,MB,2007,46822.42
2135,Spring Valley,NY,18351295.0,MB,2008,45802.33
2135,Spring Valley,NY,18351295.0,MB,2009,45006.5
2135,Spring Valley,NY,18351295.0,MB,2010,45593.5
2135,Spring Valley,NY,18351295.0,MB,2011,48314.83
2135,Spring Valley,NY,18351295.0,MB,2012,648153.04
2135,Spring Valley,NY,18351295.0,MB,2013,648153.04
2135,Spring Valley,NY,18351295.0,MB,2014,648153.04
2135,Spring Valley,NY,18351295.0,MB,2015,648153.04
2135,Spring Valley,NY,18351295.0,MB,2016,648153.04
2135,Spring Valley,NY,18351295.0,MB,2017,648153.04
2135,Spring Valley,NY,18351295.0,MB,2018,648153.04
2135,Spring Valley,NY,18351295.0,MB,2019,648153.04
2135,Spring Valley,NY,18351295.0,MB,2020,648153.04
2135,Spring Valley,NY,18351295.0,MB,2021,648153.04
2135,Spring Valley,NY,18351295.0,MB,2022,648153.04
2136,Flushing,NY,17799861.0,MB,2002,1901310.42
2136,Flushing,NY,17799861.0,MB,2003,2150305.17
2136,Flushing,NY,17799861.0,MB,2004,2190802.42
2136,Flushing,NY,17799861.0,MB,2005,1950622.25
2136,Flushing,NY,17799861.0,MB,2006,648153.04
2136,Flushing,NY,17799861.0,MB,2007,648153.04
2136,Flushing,NY,17799861.0,MB,2008,648153.04
2136,Flushing,NY,17799861.0,MB,2009,648153.04
2136,Flushing,NY,17799861.0,MB,2010,648153.04
2136,Flushing,NY,17799861.0,MB,2011,648153.04
2136,Flushing,NY,17799861.0,MB,2012,648153.04
2136,Flushing,NY,17799861.0,MB,2013,648153.04
2136,Flushing,NY,17799861.0,MB,2014,648153.04
2136,Flushing,NY,17799861.0,MB,2015,648153.04
2136,Flushing,NY,17799861.0,MB,2016,648153.04
2136,Flushing,NY,17799861.0,MB,2017,648153.04
2136,Flushing,NY,17799861.0,MB,2018,648153.04
2136,Flushing,NY,17799861.0,MB,2019,648153.04
2136,Flushing,NY,17799861.0,MB,2020,648153.04
2136,Flushing,NY,17799861.0,MB,2021,648153.04
2136,Flushing,NY,17799861.0,MB,2022,648153.04
2137,Brooklyn,NY,423566.0,CB,2002,648153.04
2137,Brooklyn,NY,423566.0,CB,2003,648153.04
2137,Brooklyn,NY,423566.0,CB,2004,648153.04
2137,Brooklyn,NY,423566.0,CB,2005,648153.04
2137,Brooklyn,NY,423566.0,CB,2006,648153.04
2137,Brooklyn,NY,423566.0,CB,2007,648153.04
2137,Brooklyn,NY,423566.0,CB,2008,648153.04
2137,Brooklyn,NY,423566.0,CB,2009,648153.04
2137,Brooklyn,NY,423566.0,CB,2010,648153.04
2137,Brooklyn,NY,423566.0,CB,2011,648153.04
2137,Brooklyn,NY,423566.0,CB,2012,26271.08
2137,Brooklyn,NY,423566.0,CB,2013,26556.0
2137,Brooklyn,NY,423566.0,CB,2014,26782.17
2137,Brooklyn,NY,423566.0,CB,2015,26812.33
2137,Brooklyn,NY,423566.0,CB,2016,26262.83
2137,Brooklyn,NY,423566.0,CB,2017,25832.75
2137,Brooklyn,NY,423566.0,CB,2018,25698.17
2137,Brooklyn,NY,423566.0,CB,2019,648153.04
2137,Brooklyn,NY,423566.0,CB,2020,648153.04
2137,Brooklyn,NY,423566.0,CB,2021,648153.04
2137,Brooklyn,NY,423566.0,CB,2022,648153.04
2137,Brooklyn,NY,423566.0,MB,2002,648153.04
2137,Brooklyn,NY,423566.0,MB,2003,648153.04
2137,Brooklyn,NY,423566.0,MB,2004,648153.04
2137,Brooklyn,NY,423566.0,MB,2005,648153.04
2137,Brooklyn,NY,423566.0,MB,2006,24146.67
2137,Brooklyn,NY,423566.0,MB,2007,23924.75
2137,Brooklyn,NY,423566.0,MB,2008,23191.08
2137,Brooklyn,NY,423566.0,MB,2009,23006.5
2137,Brooklyn,NY,423566.0,MB,2010,23412.0
2137,Brooklyn,NY,423566.0,MB,2011,24767.17
2137,Brooklyn,NY,423566.0,MB,2012,648153.04
2137,Brooklyn,NY,423566.0,MB,2013,648153.04
2137,Brooklyn,NY,423566.0,MB,2014,648153.04
2137,Brooklyn,NY,423566.0,MB,2015,648153.04
2137,Brooklyn,NY,423566.0,MB,2016,648153.04
2137,Brooklyn,NY,423566.0,MB,2017,648153.04
2137,Brooklyn,NY,423566.0,MB,2018,648153.04
2137,Brooklyn,NY,423566.0,MB,2019,648153.04
2137,Brooklyn,NY,423566.0,MB,2020,648153.04
2137,Brooklyn,NY,423566.0,MB,2021,648153.04
2137,Brooklyn,NY,423566.0,MB,2022,648153.04
2145,ITHACA,NY,53661.0,DR,2002,648153.04
2145,ITHACA,NY,53661.0,DR,2003,648153.04
2145,ITHACA,NY,53661.0,DR,2004,648153.04
2145,ITHACA,NY,53661.0,DR,2005,5094.92
2145,ITHACA,NY,53661.0,DR,2006,648153.04
2145,ITHACA,NY,53661.0,DR,2007,4813.92
2145,ITHACA,NY,53661.0,DR,2008,5317.42
2145,ITHACA,NY,53661.0,DR,2009,5167.5
2145,ITHACA,NY,53661.0,DR,2010,5219.0
2145,ITHACA,NY,53661.0,DR,2011,5436.33
2145,ITHACA,NY,53661.0,DR,2012,5775.58
2145,ITHACA,NY,53661.0,DR,2013,5584.0
2145,ITHACA,NY,53661.0,DR,2014,5245.67
2145,ITHACA,NY,53661.0,DR,2015,4935.58
2145,ITHACA,NY,53661.0,DR,2016,4657.67
2145,ITHACA,NY,53661.0,DR,2017,4442.92
2145,ITHACA,NY,53661.0,DR,2018,4455.0
2145,ITHACA,NY,53661.0,DR,2019,4642.83
2145,ITHACA,NY,53661.0,DR,2020,2763.25
2145,ITHACA,NY,53661.0,DR,2021,1977.33
2145,ITHACA,NY,53661.0,DR,2022,2319.5
2145,ITHACA,NY,53661.0,MB,2002,648153.04
2145,ITHACA,NY,53661.0,MB,2003,648153.04
2145,ITHACA,NY,53661.0,MB,2004,648153.04
2145,ITHACA,NY,53661.0,MB,2005,128771.29
2145,ITHACA,NY,53661.0,MB,2006,648153.04
2145,ITHACA,NY,53661.0,MB,2007,129372.5
2145,ITHACA,NY,53661.0,MB,2008,138094.92
2145,ITHACA,NY,53661.0,MB,2009,279318.17
2145,ITHACA,NY,53661.0,MB,2010,298131.58
2145,ITHACA,NY,53661.0,MB,2011,328718.75
2145,ITHACA,NY,53661.0,MB,2012,344020.17
2145,ITHACA,NY,53661.0,MB,2013,365724.92
2145,ITHACA,NY,53661.0,MB,2014,358070.33
2145,ITHACA,NY,53661.0,MB,2015,348782.83
2145,ITHACA,NY,53661.0,MB,2016,335280.42
2145,ITHACA,NY,53661.0,MB,2017,332208.17
2145,ITHACA,NY,53661.0,MB,2018,347498.08
2145,ITHACA,NY,53661.0,MB,2019,353019.33
2145,ITHACA,NY,53661.0,MB,2020,121436.17
2145,ITHACA,NY,53661.0,MB,2021,173959.42
2145,ITHACA,NY,53661.0,MB,2022,203796.88
2145,ITHACA,NY,53661.0,VP,2002,648153.04
2145,ITHACA,NY,53661.0,VP,2003,648153.04
2145,ITHACA,NY,53661.0,VP,2004,648153.04
2145,ITHACA,NY,53661.0,VP,2005,648153.04
2145,ITHACA,NY,53661.0,VP,2006,648153.04
2145,ITHACA,NY,53661.0,VP,2007,648153.04
2145,ITHACA,NY,53661.0,VP,2008,648153.04
2145,ITHACA,NY,53661.0,VP,2009,648153.04
2145,ITHACA,NY,53661.0,VP,2010,648153.04
2145,ITHACA,NY,53661.0,VP,2011,434.58
2145,ITHACA,NY,53661.0,VP,2012,452.08
2145,ITHACA,NY,53661.0,VP,2013,351.0
2145,ITHACA,NY,53661.0,VP,2014,338.58
2145,ITHACA,NY,53661.0,VP,2015,250.0
2145,ITHACA,NY,53661.0,VP,2016,324165.35
2145,ITHACA,NY,53661.0,VP,2017,648153.04
2145,ITHACA,NY,53661.0,VP,2018,648153.04
2145,ITHACA,NY,53661.0,VP,2019,648153.04
2145,ITHACA,NY,53661.0,VP,2020,648153.04
2145,ITHACA,NY,53661.0,VP,2021,648153.04
2145,ITHACA,NY,53661.0,VP,2022,648153.04
2147,Lynbrook,NY,17799861.0,MB,2002,6249728.58
2147,Lynbrook,NY,17799861.0,MB,2003,6538951.75
2147,Lynbrook,NY,17799861.0,MB,2004,6407284.83
2147,Lynbrook,NY,17799861.0,MB,2005,6176746.67
2147,Lynbrook,NY,17799861.0,MB,2006,427162.42
2147,Lynbrook,NY,17799861.0,MB,2007,648153.04
2147,Lynbrook,NY,17799861.0,MB,2008,648153.04
2147,Lynbrook,NY,17799861.0,MB,2009,648153.04
2147,Lynbrook,NY,17799861.0,MB,2010,648153.04
2147,Lynbrook,NY,17799861.0,MB,2011,648153.04
2147,Lynbrook,NY,17799861.0,MB,2012,648153.04
2147,Lynbrook,NY,17799861.0,MB,2013,648153.04
2147,Lynbrook,NY,17799861.0,MB,2014,648153.04
2147,Lynbrook,NY,17799861.0,MB,2015,648153.04
2147,Lynbrook,NY,17799861.0,MB,2016,648153.04
2147,Lynbrook,NY,17799861.0,MB,2017,648153.04
2147,Lynbrook,NY,17799861.0,MB,2018,648153.04
2147,Lynbrook,NY,17799861.0,MB,2019,648153.04
2147,Lynbrook,NY,17799861.0,MB,2020,648153.04
2147,Lynbrook,NY,17799861.0,MB,2021,648153.04
2147,Lynbrook,NY,17799861.0,MB,2022,648153.04
2148,New Windsor,NY,423566.0,DR,2002,648153.04
2148,New Windsor,NY,423566.0,DR,2003,648153.04
2148,New Windsor,NY,423566.0,DR,2004,648153.04
2148,New Windsor,NY,423566.0,DR,2005,648153.04
2148,New Windsor,NY,423566.0,DR,2006,648153.04
2148,New Windsor,NY,423566.0,DR,2007,1346.0
2148,New Windsor,NY,423566.0,DR,2008,1390.58
2148,New Windsor,NY,423566.0,DR,2009,1565.67
2148,New Windsor,NY,423566.0,DR,2010,1693.08
2148,New Windsor,NY,423566.0,DR,2011,1891.0
2148,New Windsor,NY,423566.0,DR,2012,2231.25
2148,New Windsor,NY,423566.0,DR,2013,648153.04
2148,New Windsor,NY,423566.0,DR,2014,648153.04
2148,New Windsor,NY,423566.0,DR,2015,648153.04
2148,New Windsor,NY,423566.0,DR,2016,648153.04
2148,New Windsor,NY,423566.0,DR,2017,648153.04
2148,New Windsor,NY,423566.0,DR,2018,648153.04
2148,New Windsor,NY,423566.0,DR,2019,648153.04
2148,New Windsor,NY,423566.0,DR,2020,648153.04
2148,New Windsor,NY,423566.0,DR,2021,648153.04
2148,New Windsor,NY,423566.0,DR,2022,648153.04
2148,New Windsor,NY,423566.0,MB,2002,648153.04
2148,New Windsor,NY,423566.0,MB,2003,648153.04
2148,New Windsor,NY,423566.0,MB,2004,648153.04
2148,New Windsor,NY,423566.0,MB,2005,648153.04
2148,New Windsor,NY,423566.0,MB,2006,648153.04
2148,New Windsor,NY,423566.0,MB,2007,8440.08
2148,New Windsor,NY,423566.0,MB,2008,10992.92
2148,New Windsor,NY,423566.0,MB,2009,10258.0
2148,New Windsor,NY,423566.0,MB,2010,10731.83
2148,New Windsor,NY,423566.0,MB,2011,10505.58
2148,New Windsor,NY,423566.0,MB,2012,10162.58
2148,New Windsor,NY,423566.0,MB,2013,648153.04
2148,New Windsor,NY,423566.0,MB,2014,648153.04
2148,New Windsor,NY,423566.0,MB,2015,648153.04
2148,New Windsor,NY,423566.0,MB,2016,648153.04
2148,New Windsor,NY,423566.0,MB,2017,648153.04
2148,New Windsor,NY,423566.0,MB,2018,648153.04
2148,New Windsor,NY,423566.0,MB,2019,648153.04
2148,New Windsor,NY,423566.0,MB,2020,648153.04
2148,New Windsor,NY,423566.0,MB,2021,648153.04
2148,New Windsor,NY,423566.0,MB,2022,648153.04
2158,Owego,NY,158084.0,DR,2002,2109.33
2158,Owego,NY,158084.0,DR,2003,648153.04
2158,Owego,NY,158084.0,DR,2004,648153.04
2158,Owego,NY,158084.0,DR,2005,648153.04
2158,Owego,NY,158084.0,DR,2006,648153.04
2158,Owego,NY,158084.0,DR,2007,1585.75
2158,Owego,NY,158084.0,DR,2008,1481.83
2158,Owego,NY,158084.0,DR,2009,1671.83
2158,Owego,NY,158084.0,DR,2010,1597.92
2158,Owego,NY,158084.0,DR,2011,1038.83
2158,Owego,NY,158084.0,DR,2012,1342.08
2158,Owego,NY,158084.0,DR,2013,648153.04
2158,Owego,NY,158084.0,DR,2014,648153.04
2158,Owego,NY,158084.0,DR,2015,648153.04
2158,Owego,NY,158084.0,DR,2016,648153.04
2158,Owego,NY,158084.0,DR,2017,648153.04
2158,Owego,NY,158084.0,DR,2018,648153.04
2158,Owego,NY,158084.0,DR,2019,648153.04
2158,Owego,NY,158084.0,DR,2020,648153.04
2158,Owego,NY,158084.0,DR,2021,648153.04
2158,Owego,NY,158084.0,DR,2022,648153.04
2158,Owego,NY,158084.0,MB,2002,2509.75
2158,Owego,NY,158084.0,MB,2003,648153.04
2158,Owego,NY,158084.0,MB,2004,648153.04
2158,Owego,NY,158084.0,MB,2005,648153.04
2158,Owego,NY,158084.0,MB,2006,648153.04
2158,Owego,NY,158084.0,MB,2007,3939.33
2158,Owego,NY,158084.0,MB,2008,5128.25
2158,Owego,NY,158084.0,MB,2009,4557.67
2158,Owego,NY,158084.0,MB,2010,4234.67
2158,Owego,NY,158084.0,MB,2011,5119.08
2158,Owego,NY,158084.0,MB,2012,5879.58
2158,Owego,NY,158084.0,MB,2013,648153.04
2158,Owego,NY,158084.0,MB,2014,648153.04
2158,Owego,NY,158084.0,MB,2015,648153.04
2158,Owego,NY,158084.0,MB,2016,648153.04
2158,Owego,NY,158084.0,MB,2017,648153.04
2158,Owego,NY,158084.0,MB,2018,648153.04
2158,Owego,NY,158084.0,MB,2019,648153.04
2158,Owego,NY,158084.0,MB,2020,648153.04
2158,Owego,NY,158084.0,MB,2021,648153.04
2158,Owego,NY,158084.0,MB,2022,648153.04
2159,Staten Island,NY,17799861.0,DR,2002,13250.5
2159,Staten Island,NY,17799861.0,DR,2003,40384.33
2159,Staten Island,NY,17799861.0,DR,2004,53719.0
2159,Staten Island,NY,17799861.0,DR,2005,76847.17
2159,Staten Island,NY,17799861.0,DR,2006,77312.67
2159,Staten Island,NY,17799861.0,DR,2007,61765.0
2159,Staten Island,NY,17799861.0,DR,2008,648153.04
2159,Staten Island,NY,17799861.0,DR,2009,69829.0
2159,Staten Island,NY,17799861.0,DR,2010,455146.11
2159,Staten Island,NY,17799861.0,DR,2011,648153.04
2159,Staten Island,NY,17799861.0,DR,2012,648153.04
2159,Staten Island,NY,17799861.0,DR,2013,648153.04
2159,Staten Island,NY,17799861.0,DR,2014,648153.04
2159,Staten Island,NY,17799861.0,DR,2015,648153.04
2159,Staten Island,NY,17799861.0,DR,2016,648153.04
2159,Staten Island,NY,17799861.0,DR,2017,648153.04
2159,Staten Island,NY,17799861.0,DR,2018,648153.04
2159,Staten Island,NY,17799861.0,DR,2019,648153.04
2159,Staten Island,NY,17799861.0,DR,2020,648153.04
2159,Staten Island,NY,17799861.0,DR,2021,648153.04
2159,Staten Island,NY,17799861.0,DR,2022,648153.04
2171,Brooklyn,NY,18351295.0,MB,2002,80537.67
2171,Brooklyn,NY,18351295.0,MB,2003,82642.83
2171,Brooklyn,NY,18351295.0,MB,2004,83749.5
2171,Brooklyn,NY,18351295.0,MB,2005,78959.5
2171,Brooklyn,NY,18351295.0,MB,2006,73019.58
2171,Brooklyn,NY,18351295.0,MB,2007,72765.83
2171,Brooklyn,NY,18351295.0,MB,2008,70356.42
2171,Brooklyn,NY,18351295.0,MB,2009,73368.83
2171,Brooklyn,NY,18351295.0,MB,2010,92927.58
2171,Brooklyn,NY,18351295.0,MB,2011,336609.77
2171,Brooklyn,NY,18351295.0,MB,2012,648153.04
2171,Brooklyn,NY,18351295.0,MB,2013,648153.04
2171,Brooklyn,NY,18351295.0,MB,2014,648153.04
2171,Brooklyn,NY,18351295.0,MB,2015,648153.04
2171,Brooklyn,NY,18351295.0,MB,2016,648153.04
2171,Brooklyn,NY,18351295.0,MB,2017,648153.04
2171,Brooklyn,NY,18351295.0,MB,2018,648153.04
2171,Brooklyn,NY,18351295.0,MB,2019,648153.04
2171,Brooklyn,NY,18351295.0,MB,2020,648153.04
2171,Brooklyn,NY,18351295.0,MB,2021,648153.04
2171,Brooklyn,NY,18351295.0,MB,2022,648153.04
2172,SYRACUSE,NY,412317.0,DR,2002,47.17
2172,SYRACUSE,NY,412317.0,DR,2003,99.58
2172,SYRACUSE,NY,412317.0,DR,2004,648153.04
2172,SYRACUSE,NY,412317.0,DR,2005,648153.04
2172,SYRACUSE,NY,412317.0,DR,2006,648153.04
2172,SYRACUSE,NY,412317.0,DR,2007,648153.04
2172,SYRACUSE,NY,412317.0,DR,2008,648153.04
2172,SYRACUSE,NY,412317.0,DR,2009,648153.04
2172,SYRACUSE,NY,412317.0,DR,2010,648153.04
2172,SYRACUSE,NY,412317.0,DR,2011,648153.04
2172,SYRACUSE,NY,412317.0,DR,2012,648153.04
2172,SYRACUSE,NY,412317.0,DR,2013,648153.04
2172,SYRACUSE,NY,412317.0,DR,2014,648153.04
2172,SYRACUSE,NY,412317.0,DR,2015,648153.04
2172,SYRACUSE,NY,412317.0,DR,2016,648153.04
2172,SYRACUSE,NY,412317.0,DR,2017,648153.04
2172,SYRACUSE,NY,412317.0,DR,2018,648153.04
2172,SYRACUSE,NY,412317.0,DR,2019,648153.04
2172,SYRACUSE,NY,412317.0,DR,2020,648153.04
2172,SYRACUSE,NY,412317.0,DR,2021,648153.04
2172,SYRACUSE,NY,412317.0,DR,2022,648153.04
2172,SYRACUSE,NY,412317.0,MB,2002,5038.08
2172,SYRACUSE,NY,412317.0,MB,2003,4786.0
2172,SYRACUSE,NY,412317.0,MB,2004,4819.83
2172,SYRACUSE,NY,412317.0,MB,2005,40982.67
2172,SYRACUSE,NY,412317.0,MB,2006,38065.58
2172,SYRACUSE,NY,412317.0,MB,2007,28883.33
2172,SYRACUSE,NY,412317.0,MB,2008,30196.08
2172,SYRACUSE,NY,412317.0,MB,2009,34157.83
2172,SYRACUSE,NY,412317.0,MB,2010,39527.0
2172,SYRACUSE,NY,412317.0,MB,2011,45341.92
2172,SYRACUSE,NY,412317.0,MB,2012,42874.92
2172,SYRACUSE,NY,412317.0,MB,2013,45996.5
2172,SYRACUSE,NY,412317.0,MB,2014,49528.0
2172,SYRACUSE,NY,412317.0,MB,2015,500013.03
2172,SYRACUSE,NY,412317.0,MB,2016,648153.04
2172,SYRACUSE,NY,412317.0,MB,2017,648153.04
2172,SYRACUSE,NY,412317.0,MB,2018,648153.04
2172,SYRACUSE,NY,412317.0,MB,2019,648153.04
2172,SYRACUSE,NY,412317.0,MB,2020,648153.04
2172,SYRACUSE,NY,412317.0,MB,2021,648153.04
2172,SYRACUSE,NY,412317.0,MB,2022,648153.04
2175,Brooklyn,NY,18351295.0,MB,2002,648153.04
2175,Brooklyn,NY,18351295.0,MB,2003,41183.5
2175,Brooklyn,NY,18351295.0,MB,2004,495882.7
2175,Brooklyn,NY,18351295.0,MB,2005,648153.04
2175,Brooklyn,NY,18351295.0,MB,2006,47472.67
2175,Brooklyn,NY,18351295.0,MB,2007,47897.75
2175,Brooklyn,NY,18351295.0,MB,2008,47165.33
2175,Brooklyn,NY,18351295.0,MB,2009,46403.17
2175,Brooklyn,NY,18351295.0,MB,2010,47052.17
2175,Brooklyn,NY,18351295.0,MB,2011,48069.5
2175,Brooklyn,NY,18351295.0,MB,2012,55444.25
2175,Brooklyn,NY,18351295.0,MB,2013,57607.75
2175,Brooklyn,NY,18351295.0,MB,2014,52806.5
2175,Brooklyn,NY,18351295.0,MB,2015,57131.5
2175,Brooklyn,NY,18351295.0,MB,2016,67080.83
2175,Brooklyn,NY,18351295.0,MB,2017,68162.08
2175,Brooklyn,NY,18351295.0,MB,2018,58088.08
2175,Brooklyn,NY,18351295.0,MB,2019,54310.92
2175,Brooklyn,NY,18351295.0,MB,2020,29923.17
2175,Brooklyn,NY,18351295.0,MB,2021,29499.08
2175,Brooklyn,NY,18351295.0,MB,2022,21727.5
2177,HURLEY,NY,18351295.0,CB,2002,648153.04
2177,HURLEY,NY,18351295.0,CB,2003,648153.04
2177,HURLEY,NY,18351295.0,CB,2004,648153.04
2177,HURLEY,NY,18351295.0,CB,2005,648153.04
2177,HURLEY,NY,18351295.0,CB,2006,648153.04
2177,HURLEY,NY,18351295.0,CB,2007,648153.04
2177,HURLEY,NY,18351295.0,CB,2008,648153.04
2177,HURLEY,NY,18351295.0,CB,2009,648153.04
2177,HURLEY,NY,18351295.0,CB,2010,648153.04
2177,HURLEY,NY,18351295.0,CB,2011,648153.04
2177,HURLEY,NY,18351295.0,CB,2012,44736.08
2177,HURLEY,NY,18351295.0,CB,2013,44638.92
2177,HURLEY,NY,18351295.0,CB,2014,50124.92
2177,HURLEY,NY,18351295.0,CB,2015,50432.5
2177,HURLEY,NY,18351295.0,CB,2016,45048.17
2177,HURLEY,NY,18351295.0,CB,2017,52699.42
2177,HURLEY,NY,18351295.0,CB,2018,43983.25
2177,HURLEY,NY,18351295.0,CB,2019,39889.58
2177,HURLEY,NY,18351295.0,CB,2020,10898.5
2177,HURLEY,NY,18351295.0,CB,2021,17440.08
2177,HURLEY,NY,18351295.0,CB,2022,101648.63
2177,HURLEY,NY,18351295.0,MB,2002,648153.04
2177,HURLEY,NY,18351295.0,MB,2003,648153.04
2177,HURLEY,NY,18351295.0,MB,2004,648153.04
2177,HURLEY,NY,18351295.0,MB,2005,648153.04
2177,HURLEY,NY,18351295.0,MB,2006,36505.92
2177,HURLEY,NY,18351295.0,MB,2007,37453.58
2177,HURLEY,NY,18351295.0,MB,2008,38876.67
2177,HURLEY,NY,18351295.0,MB,2009,37168.0
2177,HURLEY,NY,18351295.0,MB,2010,47405.17
2177,HURLEY,NY,18351295.0,MB,2011,49363.33
2177,HURLEY,NY,18351295.0,MB,2012,648153.04
2177,HURLEY,NY,18351295.0,MB,2013,648153.04
2177,HURLEY,NY,18351295.0,MB,2014,648153.04
2177,HURLEY,NY,18351295.0,MB,2015,648153.04
2177,HURLEY,NY,18351295.0,MB,2016,648153.04
2177,HURLEY,NY,18351295.0,MB,2017,648153.04
2177,HURLEY,NY,18351295.0,MB,2018,648153.04
2177,HURLEY,NY,18351295.0,MB,2019,648153.04
2177,HURLEY,NY,18351295.0,MB,2020,648153.04
2177,HURLEY,NY,18351295.0,MB,2021,648153.04
2177,HURLEY,NY,18351295.0,MB,2022,648153.04
2178,KINGSTON,NY,423566.0,DR,2002,648153.04
2178,KINGSTON,NY,423566.0,DR,2003,648153.04
2178,KINGSTON,NY,423566.0,DR,2004,648153.04
2178,KINGSTON,NY,423566.0,DR,2005,648153.04
2178,KINGSTON,NY,423566.0,DR,2006,648153.04
2178,KINGSTON,NY,423566.0,DR,2007,648153.04
2178,KINGSTON,NY,423566.0,DR,2008,648153.04
2178,KINGSTON,NY,423566.0,DR,2009,648153.04
2178,KINGSTON,NY,423566.0,DR,2010,54875.84
2178,KINGSTON,NY,423566.0,DR,2011,719.92
2178,KINGSTON,NY,423566.0,DR,2012,785.67
2178,KINGSTON,NY,423566.0,DR,2013,819.5
2178,KINGSTON,NY,423566.0,DR,2014,805.17
2178,KINGSTON,NY,423566.0,DR,2015,750.75
2178,KINGSTON,NY,423566.0,DR,2016,798.75
2178,KINGSTON,NY,423566.0,DR,2017,829.58
2178,KINGSTON,NY,423566.0,DR,2018,836.83
2178,KINGSTON,NY,423566.0,DR,2019,648153.04
2178,KINGSTON,NY,423566.0,DR,2020,446.42
2178,KINGSTON,NY,423566.0,DR,2021,466.17
2178,KINGSTON,NY,423566.0,DR,2022,491.75
2178,KINGSTON,NY,423566.0,MB,2002,648153.04
2178,KINGSTON,NY,423566.0,MB,2003,648153.04
2178,KINGSTON,NY,423566.0,MB,2004,7930.0
2178,KINGSTON,NY,423566.0,MB,2005,8101.92
2178,KINGSTON,NY,423566.0,MB,2006,8718.38
2178,KINGSTON,NY,423566.0,MB,2007,9127.67
2178,KINGSTON,NY,423566.0,MB,2008,11015.46
2178,KINGSTON,NY,423566.0,MB,2009,13392.75
2178,KINGSTON,NY,423566.0,MB,2010,12779.21
2178,KINGSTON,NY,423566.0,MB,2011,13933.25
2178,KINGSTON,NY,423566.0,MB,2012,29589.58
2178,KINGSTON,NY,423566.0,MB,2013,30354.42
2178,KINGSTON,NY,423566.0,MB,2014,35120.92
2178,KINGSTON,NY,423566.0,MB,2015,35107.0
2178,KINGSTON,NY,423566.0,MB,2016,33930.08
2178,KINGSTON,NY,423566.0,MB,2017,30898.83
2178,KINGSTON,NY,423566.0,MB,2018,30571.83
2178,KINGSTON,NY,423566.0,MB,2019,648153.04
2178,KINGSTON,NY,423566.0,MB,2020,14294.17
2178,KINGSTON,NY,423566.0,MB,2021,17844.67
2178,KINGSTON,NY,423566.0,MB,2022,22726.75
2179,NEWBURGH,NY,423566.0,MB,2002,648153.04
2179,NEWBURGH,NY,423566.0,MB,2003,648153.04
2179,NEWBURGH,NY,423566.0,MB,2004,648153.04
2179,NEWBURGH,NY,423566.0,MB,2005,648153.04
2179,NEWBURGH,NY,423566.0,MB,2006,648153.04
2179,NEWBURGH,NY,423566.0,MB,2007,3699.75
2179,NEWBURGH,NY,423566.0,MB,2008,4523.33
2179,NEWBURGH,NY,423566.0,MB,2009,4004.25
2179,NEWBURGH,NY,423566.0,MB,2010,3786.92
2179,NEWBURGH,NY,423566.0,MB,2011,3972.0
2179,NEWBURGH,NY,423566.0,MB,2012,4005.42
2179,NEWBURGH,NY,423566.0,MB,2013,648153.04
2179,NEWBURGH,NY,423566.0,MB,2014,648153.04
2179,NEWBURGH,NY,423566.0,MB,2015,648153.04
2179,NEWBURGH,NY,423566.0,MB,2016,648153.04
2179,NEWBURGH,NY,423566.0,MB,2017,648153.04
2179,NEWBURGH,NY,423566.0,MB,2018,648153.04
2179,NEWBURGH,NY,423566.0,MB,2019,648153.04
2179,NEWBURGH,NY,423566.0,MB,2020,648153.04
2179,NEWBURGH,NY,423566.0,MB,2021,648153.04
2179,NEWBURGH,NY,423566.0,MB,2022,648153.04
2180,Staten Island,NY,17799861.0,MB,2002,648153.04
2180,Staten Island,NY,17799861.0,MB,2003,648153.04
2180,Staten Island,NY,17799861.0,MB,2004,648153.04
2180,Staten Island,NY,17799861.0,MB,2005,58120.58
2180,Staten Island,NY,17799861.0,MB,2006,57733.67
2180,Staten Island,NY,17799861.0,MB,2007,648153.04
2180,Staten Island,NY,17799861.0,MB,2008,648153.04
2180,Staten Island,NY,17799861.0,MB,2009,648153.04
2180,Staten Island,NY,17799861.0,MB,2010,648153.04
2180,Staten Island,NY,17799861.0,MB,2011,648153.04
2180,Staten Island,NY,17799861.0,MB,2012,648153.04
2180,Staten Island,NY,17799861.0,MB,2013,648153.04
2180,Staten Island,NY,17799861.0,MB,2014,648153.04
2180,Staten Island,NY,17799861.0,MB,2015,648153.04
2180,Staten Island,NY,17799861.0,MB,2016,648153.04
2180,Staten Island,NY,17799861.0,MB,2017,648153.04
2180,Staten Island,NY,17799861.0,MB,2018,648153.04
2180,Staten Island,NY,17799861.0,MB,2019,648153.04
2180,Staten Island,NY,17799861.0,MB,2020,648153.04
2180,Staten Island,NY,17799861.0,MB,2021,648153.04
2180,Staten Island,NY,17799861.0,MB,2022,648153.04
2182,Highland Falls,NY,423566.0,DR,2002,648153.04
2182,Highland Falls,NY,423566.0,DR,2003,648153.04
2182,Highland Falls,NY,423566.0,DR,2004,648153.04
2182,Highland Falls,NY,423566.0,DR,2005,648153.04
2182,Highland Falls,NY,423566.0,DR,2006,648153.04
2182,Highland Falls,NY,423566.0,DR,2007,294.92
2182,Highland Falls,NY,423566.0,DR,2008,294.08
2182,Highland Falls,NY,423566.0,DR,2009,274.5
2182,Highland Falls,NY,423566.0,DR,2010,250.75
2182,Highland Falls,NY,423566.0,DR,2011,315.92
2182,Highland Falls,NY,423566.0,DR,2012,648153.04
2182,Highland Falls,NY,423566.0,DR,2013,648153.04
2182,Highland Falls,NY,423566.0,DR,2014,648153.04
2182,Highland Falls,NY,423566.0,DR,2015,648153.04
2182,Highland Falls,NY,423566.0,DR,2016,648153.04
2182,Highland Falls,NY,423566.0,DR,2017,648153.04
2182,Highland Falls,NY,423566.0,DR,2018,648153.04
2182,Highland Falls,NY,423566.0,DR,2019,648153.04
2182,Highland Falls,NY,423566.0,DR,2020,648153.04
2182,Highland Falls,NY,423566.0,DR,2021,648153.04
2182,Highland Falls,NY,423566.0,DR,2022,648153.04
2183,Monroe,NY,423566.0,DR,2002,648153.04
2183,Monroe,NY,423566.0,DR,2003,648153.04
2183,Monroe,NY,423566.0,DR,2004,648153.04
2183,Monroe,NY,423566.0,DR,2005,1963.25
2183,Monroe,NY,423566.0,DR,2006,1957.33
2183,Monroe,NY,423566.0,DR,2007,1814.5
2183,Monroe,NY,423566.0,DR,2008,2177.92
2183,Monroe,NY,423566.0,DR,2009,2412.92
2183,Monroe,NY,423566.0,DR,2010,2613.25
2183,Monroe,NY,423566.0,DR,2011,2669.75
2183,Monroe,NY,423566.0,DR,2012,2313.5
2183,Monroe,NY,423566.0,DR,2013,1947.83
2183,Monroe,NY,423566.0,DR,2014,648153.04
2183,Monroe,NY,423566.0,DR,2015,648153.04
2183,Monroe,NY,423566.0,DR,2016,648153.04
2183,Monroe,NY,423566.0,DR,2017,648153.04
2183,Monroe,NY,423566.0,DR,2018,648153.04
2183,Monroe,NY,423566.0,DR,2019,648153.04
2183,Monroe,NY,423566.0,DR,2020,648153.04
2183,Monroe,NY,423566.0,DR,2021,648153.04
2183,Monroe,NY,423566.0,DR,2022,648153.04
2185,Syracuse,NY,117328.0,DR,2002,648153.04
2185,Syracuse,NY,117328.0,DR,2003,648153.04
2185,Syracuse,NY,117328.0,DR,2004,648153.04
2185,Syracuse,NY,117328.0,DR,2005,648153.04
2185,Syracuse,NY,117328.0,DR,2006,648153.04
2185,Syracuse,NY,117328.0,DR,2007,2796.08
2185,Syracuse,NY,117328.0,DR,2008,3001.0
2185,Syracuse,NY,117328.0,DR,2009,3128.42
2185,Syracuse,NY,117328.0,DR,2010,2988.42
2185,Syracuse,NY,117328.0,DR,2011,2687.0
2185,Syracuse,NY,117328.0,DR,2012,2313.0
2185,Syracuse,NY,117328.0,DR,2013,2523.83
2185,Syracuse,NY,117328.0,DR,2014,2469.08
2185,Syracuse,NY,117328.0,DR,2015,486710.86
2185,Syracuse,NY,117328.0,DR,2016,648153.04
2185,Syracuse,NY,117328.0,DR,2017,648153.04
2185,Syracuse,NY,117328.0,DR,2018,648153.04
2185,Syracuse,NY,117328.0,DR,2019,648153.04
2185,Syracuse,NY,117328.0,DR,2020,648153.04
2185,Syracuse,NY,117328.0,DR,2021,648153.04
2185,Syracuse,NY,117328.0,DR,2022,648153.04
2185,Syracuse,NY,117328.0,MB,2002,648153.04
2185,Syracuse,NY,117328.0,MB,2003,648153.04
2185,Syracuse,NY,117328.0,MB,2004,648153.04
2185,Syracuse,NY,117328.0,MB,2005,648153.04
2185,Syracuse,NY,117328.0,MB,2006,648153.04
2185,Syracuse,NY,117328.0,MB,2007,97917.08
2185,Syracuse,NY,117328.0,MB,2008,108822.33
2185,Syracuse,NY,117328.0,MB,2009,109200.17
2185,Syracuse,NY,117328.0,MB,2010,106607.92
2185,Syracuse,NY,117328.0,MB,2011,107100.0
2185,Syracuse,NY,117328.0,MB,2012,100469.67
2185,Syracuse,NY,117328.0,MB,2013,101676.17
2185,Syracuse,NY,117328.0,MB,2014,107221.33
2185,Syracuse,NY,117328.0,MB,2015,512170.2
2185,Syracuse,NY,117328.0,MB,2016,648153.04
2185,Syracuse,NY,117328.0,MB,2017,648153.04
2185,Syracuse,NY,117328.0,MB,2018,648153.04
2185,Syracuse,NY,117328.0,MB,2019,648153.04
2185,Syracuse,NY,117328.0,MB,2020,648153.04
2185,Syracuse,NY,117328.0,MB,2021,648153.04
2185,Syracuse,NY,117328.0,MB,2022,648153.04
2187,Monroe,NY,423566.0,MB,2002,648153.04
2187,Monroe,NY,423566.0,MB,2003,648153.04
2187,Monroe,NY,423566.0,MB,2004,648153.04
2187,Monroe,NY,423566.0,MB,2005,648153.04
2187,Monroe,NY,423566.0,MB,2006,648153.04
2187,Monroe,NY,423566.0,MB,2007,6938.0
2187,Monroe,NY,423566.0,MB,2008,6499.5
2187,Monroe,NY,423566.0,MB,2009,5266.08
2187,Monroe,NY,423566.0,MB,2010,5199.17
2187,Monroe,NY,423566.0,MB,2011,5418.75
2187,Monroe,NY,423566.0,MB,2012,648153.04
2187,Monroe,NY,423566.0,MB,2013,648153.04
2187,Monroe,NY,423566.0,MB,2014,648153.04
2187,Monroe,NY,423566.0,MB,2015,648153.04
2187,Monroe,NY,423566.0,MB,2016,648153.04
2187,Monroe,NY,423566.0,MB,2017,648153.04
2187,Monroe,NY,423566.0,MB,2018,648153.04
2187,Monroe,NY,423566.0,MB,2019,648153.04
2187,Monroe,NY,423566.0,MB,2020,648153.04
2187,Monroe,NY,423566.0,MB,2021,648153.04
2187,Monroe,NY,423566.0,MB,2022,648153.04
2188,NEW YORK,NY,18351295.0,MB,2002,648153.04
2188,NEW YORK,NY,18351295.0,MB,2003,648153.04
2188,NEW YORK,NY,18351295.0,MB,2004,648153.04
2188,NEW YORK,NY,18351295.0,MB,2005,648153.04
2188,NEW YORK,NY,18351295.0,MB,2006,8264116.58
2188,NEW YORK,NY,18351295.0,MB,2007,9140904.33
2188,NEW YORK,NY,18351295.0,MB,2008,10093419.17
2188,NEW YORK,NY,18351295.0,MB,2009,9996662.42
2188,NEW YORK,NY,18351295.0,MB,2010,10019753.25
2188,NEW YORK,NY,18351295.0,MB,2011,9856774.33
2188,NEW YORK,NY,18351295.0,MB,2012,9978531.92
2188,NEW YORK,NY,18351295.0,MB,2013,10412544.67
2188,NEW YORK,NY,18351295.0,MB,2014,10465103.08
2188,NEW YORK,NY,18351295.0,MB,2015,10449960.08
2188,NEW YORK,NY,18351295.0,MB,2016,10468086.5
2188,NEW YORK,NY,18351295.0,MB,2017,10184527.33
2188,NEW YORK,NY,18351295.0,MB,2018,11468208.58
2188,NEW YORK,NY,18351295.0,MB,2019,11256672.5
2188,NEW YORK,NY,18351295.0,MB,2020,6046847.58
2188,NEW YORK,NY,18351295.0,MB,2021,6862317.0
2188,NEW YORK,NY,18351295.0,MB,2022,8123079.62
2189,New York,NY,18351295.0,FB,2002,648153.04
2189,New York,NY,18351295.0,FB,2003,648153.04
2189,New York,NY,18351295.0,FB,2004,648153.04
2189,New York,NY,18351295.0,FB,2005,648153.04
2189,New York,NY,18351295.0,FB,2006,648153.04
2189,New York,NY,18351295.0,FB,2007,648153.04
2189,New York,NY,18351295.0,FB,2008,131915.83
2189,New York,NY,18351295.0,FB,2009,121878.92
2189,New York,NY,18351295.0,FB,2010,138939.08
2189,New York,NY,18351295.0,FB,2011,137486.5
2189,New York,NY,18351295.0,FB,2012,142297.42
2189,New York,NY,18351295.0,FB,2013,127001.83
2189,New York,NY,18351295.0,FB,2014,121875.25
2189,New York,NY,18351295.0,FB,2015,133875.0
2189,New York,NY,18351295.0,FB,2016,140716.0
2189,New York,NY,18351295.0,FB,2017,149523.42
2189,New York,NY,18351295.0,FB,2018,159554.83
2189,New York,NY,18351295.0,FB,2019,238197.08
2189,New York,NY,18351295.0,FB,2020,648153.04
2189,New York,NY,18351295.0,FB,2021,648153.04
2189,New York,NY,18351295.0,FB,2022,648153.04
2206,MINEOLA,NY,18351295.0,DR,2002,648153.04
2206,MINEOLA,NY,18351295.0,DR,2003,648153.04
2206,MINEOLA,NY,18351295.0,DR,2004,648153.04
2206,MINEOLA,NY,18351295.0,DR,2005,648153.04
2206,MINEOLA,NY,18351295.0,DR,2006,648153.04
2206,MINEOLA,NY,18351295.0,DR,2007,648153.04
2206,MINEOLA,NY,18351295.0,DR,2008,648153.04
2206,MINEOLA,NY,18351295.0,DR,2009,648153.04
2206,MINEOLA,NY,18351295.0,DR,2010,648153.04
2206,MINEOLA,NY,18351295.0,DR,2011,648153.04
2206,MINEOLA,NY,18351295.0,DR,2012,28850.33
2206,MINEOLA,NY,18351295.0,DR,2013,30997.83
2206,MINEOLA,NY,18351295.0,DR,2014,30027.25
2206,MINEOLA,NY,18351295.0,DR,2015,29596.92
2206,MINEOLA,NY,18351295.0,DR,2016,30186.0
2206,MINEOLA,NY,18351295.0,DR,2017,29100.25
2206,MINEOLA,NY,18351295.0,DR,2018,27677.58
2206,MINEOLA,NY,18351295.0,DR,2019,29525.83
2206,MINEOLA,NY,18351295.0,DR,2020,14789.17
2206,MINEOLA,NY,18351295.0,DR,2021,17207.67
2206,MINEOLA,NY,18351295.0,DR,2022,19224.5
2206,MINEOLA,NY,18351295.0,MB,2002,648153.04
2206,MINEOLA,NY,18351295.0,MB,2003,648153.04
2206,MINEOLA,NY,18351295.0,MB,2004,648153.04
2206,MINEOLA,NY,18351295.0,MB,2005,648153.04
2206,MINEOLA,NY,18351295.0,MB,2006,648153.04
2206,MINEOLA,NY,18351295.0,MB,2007,648153.04
2206,MINEOLA,NY,18351295.0,MB,2008,648153.04
2206,MINEOLA,NY,18351295.0,MB,2009,648153.04
2206,MINEOLA,NY,18351295.0,MB,2010,648153.04
2206,MINEOLA,NY,18351295.0,MB,2011,648153.04
2206,MINEOLA,NY,18351295.0,MB,2012,2433289.58
2206,MINEOLA,NY,18351295.0,MB,2013,2373163.67
2206,MINEOLA,NY,18351295.0,MB,2014,2365323.33
2206,MINEOLA,NY,18351295.0,MB,2015,2265024.25
2206,MINEOLA,NY,18351295.0,MB,2016,2241833.92
2206,MINEOLA,NY,18351295.0,MB,2017,2103682.92
2206,MINEOLA,NY,18351295.0,MB,2018,1915032.58
2206,MINEOLA,NY,18351295.0,MB,2019,1982585.33
2206,MINEOLA,NY,18351295.0,MB,2020,1188630.08
2206,MINEOLA,NY,18351295.0,MB,2021,1269249.5
2206,MINEOLA,NY,18351295.0,MB,2022,1441320.75
2217,CALVERTON,NY,18351295.0,CB,2002,648153.04
2217,CALVERTON,NY,18351295.0,CB,2003,648153.04
2217,CALVERTON,NY,18351295.0,CB,2004,648153.04
2217,CALVERTON,NY,18351295.0,CB,2005,648153.04
2217,CALVERTON,NY,18351295.0,CB,2006,648153.04
2217,CALVERTON,NY,18351295.0,CB,2007,648153.04
2217,CALVERTON,NY,18351295.0,CB,2008,648153.04
2217,CALVERTON,NY,18351295.0,CB,2009,648153.04
2217,CALVERTON,NY,18351295.0,CB,2010,648153.04
2217,CALVERTON,NY,18351295.0,CB,2011,648153.04
2217,CALVERTON,NY,18351295.0,CB,2012,648153.04
2217,CALVERTON,NY,18351295.0,CB,2013,648153.04
2217,CALVERTON,NY,18351295.0,CB,2014,69686.92
2217,CALVERTON,NY,18351295.0,CB,2015,68760.42
2217,CALVERTON,NY,18351295.0,CB,2016,67991.08
2217,CALVERTON,NY,18351295.0,CB,2017,67418.25
2217,CALVERTON,NY,18351295.0,CB,2018,66284.25
2217,CALVERTON,NY,18351295.0,CB,2019,66127.83
2217,CALVERTON,NY,18351295.0,CB,2020,24223.83
2217,CALVERTON,NY,18351295.0,CB,2021,40311.67
2217,CALVERTON,NY,18351295.0,CB,2022,260379.52
